accuracy,accuracy_degradation,actual_evidence_position,answer_bearing_accuracy,answer_bearing_correct_n,answer_bearing_scored_n,artifact_sha256,artifact_size_bytes,artifact_uri,attempted_n,completed_n,condition_id,context_instance_id,context_sha256,correct_n,end_to_end_success,error_n,exact_accuracy,exact_correct_n,exact_scored_n,experiment_id,failure_n,failure_rate,format_scored_n,format_valid_n,format_validity,invalid_output_n,median_decode_tokens_per_second,median_peak_memory_bytes,median_post_first_chunk_output_tok_s,median_prefill_tokens_per_second,median_prompt_throughput_proxy_tok_s,median_stream_ttft_s,median_total_s,median_ttft_s,n,quantization_type,relative_degradation,requested_evidence_position,runtime_error_n,scored_accuracy,scored_n,scorer_error_n,scorer_version,short_context_baseline_accuracy,target_context_tokens,task_catalog,task_catalog_sha256,task_id,task_type,variant_condition_id,variant_label
0.0,0.0,0.4990234375,1.0,1,1,8b259e30f860c924fa1fd12d459343e8c2520eb12741f943ad5dcea5d1c4d120,16810714336,artifacts/q4_k_m.gguf,1,1,q4_k_m:ctx008192:p050,task.literal.000001:baseline:ctx008192:p050:seed1043,c3ebbc47848d1dad8594046b23538278b62080373e923c75c6fd6db179d394fc,0,0.0,0,0.0,0,1,exp_003,0,0.0,1,0,0.0,0,,18881298432.0,12.28716500844757,,108.95398252693768,75.57318979105912,76.46843291609548,75.57318979105912,1,Q4_K_M,,0.5,0,0.0,1,0,calibrated.v1,0.0,8192,data/tasks/core.v002.jsonl,7631adc23aab29b0a1b06fae51267a940aa9f86d58dbe830724a3a2bc8703512,task.literal.000001,literal_retrieval,q4_k_m,Q4_K_M
0.0,0.0,0.4990234375,1.0,1,1,8b259e30f860c924fa1fd12d459343e8c2520eb12741f943ad5dcea5d1c4d120,16810714336,artifacts/q4_k_m.gguf,1,1,q4_k_m:ctx008192:p050,task.literal.000002:baseline:ctx008192:p050:seed1046,59cf70db445f33566d2e890d8460fddecf37a36b0d314e0dcc16d25bb813b90b,0,0.0,0,0.0,0,1,exp_003,0,0.0,1,0,0.0,0,,18881298432.0,12.022089496659326,,106.79996282986315,77.11613170802593,78.03111408301629,77.11613170802593,1,Q4_K_M,,0.5,0,0.0,1,0,calibrated.v1,0.0,8192,data/tasks/core.v002.jsonl,7631adc23aab29b0a1b06fae51267a940aa9f86d58dbe830724a3a2bc8703512,task.literal.000002,literal_retrieval,q4_k_m,Q4_K_M
0.0,0.0,0.4990234375,1.0,1,1,8b259e30f860c924fa1fd12d459343e8c2520eb12741f943ad5dcea5d1c4d120,16810714336,artifacts/q4_k_m.gguf,1,1,q4_k_m:ctx008192:p050,task.literal.000003:baseline:ctx008192:p050:seed1047,e4ef253445550dfb5cb0c8e744d49371219f859588953c7e9a2342913b455996,0,0.0,0,0.0,0,1,exp_003,0,0.0,1,0,0.0,0,,18881298432.0,12.277034972916827,,105.11533800238438,78.36154225002974,79.17607116699219,78.36154225002974,1,Q4_K_M,,0.5,0,0.0,1,0,calibrated.v1,0.0,8192,data/tasks/core.v002.jsonl,7631adc23aab29b0a1b06fae51267a940aa9f86d58dbe830724a3a2bc8703512,task.literal.000003,literal_retrieval,q4_k_m,Q4_K_M
0.0,0.0,0.499267578125,1.0,1,1,8b259e30f860c924fa1fd12d459343e8c2520eb12741f943ad5dcea5d1c4d120,16810714336,artifacts/q4_k_m.gguf,1,1,q4_k_m:ctx008192:p050,task.literal.000004:baseline:ctx008192:p050:seed1048,1597623490d80fd77f0aec3c16a336f4ca490d89befbb16b5d964a32260fe67b,0,0.0,0,0.0,0,1,exp_003,0,0.0,1,0,0.0,0,,18881298432.0,12.243972015132984,,105.25994344103175,78.23488908307627,78.9699446670711,78.23488908307627,1,Q4_K_M,,0.5,0,0.0,1,0,calibrated.v1,0.0,8192,data/tasks/core.v002.jsonl,7631adc23aab29b0a1b06fae51267a940aa9f86d58dbe830724a3a2bc8703512,task.literal.000004,literal_retrieval,q4_k_m,Q4_K_M
1.0,0.0,0.4991455078125,1.0,1,1,8b259e30f860c924fa1fd12d459343e8c2520eb12741f943ad5dcea5d1c4d120,16810714336,artifacts/q4_k_m.gguf,1,1,q4_k_m:ctx008192:p050,task.literal.000005:baseline:ctx008192:p050:seed1049,06578bbf5cac04e1947b3e17f72801d6f9fd06bdeb346df600addffaa15e3336,1,1.0,0,1.0,1,1,exp_003,0,0.0,1,1,1.0,0,,18881298432.0,12.219914929575136,,105.64981000464229,77.917792749824,78.5724617918022,77.917792749824,1,Q4_K_M,0.0,0.5,0,1.0,1,0,calibrated.v1,1.0,8192,data/tasks/core.v002.jsonl,7631adc23aab29b0a1b06fae51267a940aa9f86d58dbe830724a3a2bc8703512,task.literal.000005,literal_retrieval,q4_k_m,Q4_K_M
0.0,0.0,0.4990234375,1.0,1,1,8b259e30f860c924fa1fd12d459343e8c2520eb12741f943ad5dcea5d1c4d120,16810714336,artifacts/q4_k_m.gguf,1,1,q4_k_m:ctx008192:p050,task.literal.000006:baseline:ctx008192:p050:seed1050,319a9c77b5713f5e12b087a38eb23b1a61d95728696241bc03f96710d51b99cf,0,0.0,0,0.0,0,1,exp_003,0,0.0,1,0,0.0,0,,18881314816.0,12.277670257272073,,105.5533269209778,77.9984889170155,78.97587304189801,77.9984889170155,1,Q4_K_M,,0.5,0,0.0,1,0,calibrated.v1,0.0,8192,data/tasks/core.v002.jsonl,7631adc23aab29b0a1b06fae51267a940aa9f86d58dbe830724a3a2bc8703512,task.literal.000006,literal_retrieval,q4_k_m,Q4_K_M
0.0,0.0,0.4990234375,1.0,1,1,8b259e30f860c924fa1fd12d459343e8c2520eb12741f943ad5dcea5d1c4d120,16810714336,artifacts/q4_k_m.gguf,1,1,q4_k_m:ctx008192:p050,task.literal.000007:baseline:ctx008192:p050:seed1051,dd71185bbe15ced643f6c7befa256ecd01a649aebba1fb425daac9e0b4f08f05,0,0.0,0,0.0,0,1,exp_003,0,0.0,1,0,0.0,0,,18881298432.0,12.213430923910899,,105.66321882679814,77.93629695777781,78.75506770797074,77.93629695777781,1,Q4_K_M,,0.5,0,0.0,1,0,calibrated.v1,0.0,8192,data/tasks/core.v002.jsonl,7631adc23aab29b0a1b06fae51267a940aa9f86d58dbe830724a3a2bc8703512,task.literal.000007,literal_retrieval,q4_k_m,Q4_K_M
0.0,0.0,0.499267578125,1.0,1,1,8b259e30f860c924fa1fd12d459343e8c2520eb12741f943ad5dcea5d1c4d120,16810714336,artifacts/q4_k_m.gguf,1,1,q4_k_m:ctx008192:p050,task.literal.000008:baseline:ctx008192:p050:seed1052,0b8da0e3d7567197749c118e24394d5719e58d00b33e5111f1b9750b8d80c532,0,0.0,0,0.0,0,1,exp_003,0,0.0,1,0,0.0,0,,18881298432.0,12.186460976470832,,105.64865297384108,77.92811141698621,78.666635917034,77.92811141698621,1,Q4_K_M,,0.5,0,0.0,1,0,calibrated.v1,0.0,8192,data/tasks/core.v002.jsonl,7631adc23aab29b0a1b06fae51267a940aa9f86d58dbe830724a3a2bc8703512,task.literal.000008,literal_retrieval,q4_k_m,Q4_K_M
1.0,0.0,0.4991455078125,1.0,1,1,8b259e30f860c924fa1fd12d459343e8c2520eb12741f943ad5dcea5d1c4d120,16810714336,artifacts/q4_k_m.gguf,1,1,q4_k_m:ctx008192:p050,task.literal.000009:baseline:ctx008192:p050:seed1053,ffe69cfebdd850744b110b99f1d9d548fb1799888a257bad98db93476fed2441,1,1.0,0,1.0,1,1,exp_003,0,0.0,1,1,1.0,0,,18881298432.0,12.267169320895384,,105.6686700120551,77.93227641703561,78.50290520815179,77.93227641703561,1,Q4_K_M,0.0,0.5,0,1.0,1,0,calibrated.v1,1.0,8192,data/tasks/core.v002.jsonl,7631adc23aab29b0a1b06fae51267a940aa9f86d58dbe830724a3a2bc8703512,task.literal.000009,literal_retrieval,q4_k_m,Q4_K_M
0.0,0.0,0.4991455078125,1.0,1,1,8b259e30f860c924fa1fd12d459343e8c2520eb12741f943ad5dcea5d1c4d120,16810714336,artifacts/q4_k_m.gguf,1,1,q4_k_m:ctx008192:p050,task.literal.000010:baseline:ctx008192:p050:seed1054,bf24acdd2f9db0aaaf99460141fdd23a417dd815152e1409f5836bea4d4a7dfe,0,0.0,0,0.0,0,1,exp_003,0,0.0,1,0,0.0,0,,18881331200.0,12.22518450880428,,105.53184719470758,78.02384037501179,78.76002558297478,78.02384037501179,1,Q4_K_M,,0.5,0,0.0,1,0,calibrated.v1,0.0,8192,data/tasks/core.v002.jsonl,7631adc23aab29b0a1b06fae51267a940aa9f86d58dbe830724a3a2bc8703512,task.literal.000010,literal_retrieval,q4_k_m,Q4_K_M
0.0,0.0,0.499755859375,1.0,1,1,8b259e30f860c924fa1fd12d459343e8c2520eb12741f943ad5dcea5d1c4d120,16810714336,artifacts/q4_k_m.gguf,1,1,q4_k_m:ctx032768:p050,task.literal.000001:baseline:ctx032768:p050:seed1043,742a7775efbfdc8d4bbba7f3ceed53d016a9c5b129f96366186a71ac8e1982fd,0,0.0,0,0.0,0,1,exp_003,0,0.0,1,0,0.0,0,,18921930752.0,10.287569525566083,,93.10303269690445,352.4052767090034,353.4745282919612,352.4052767090034,1,Q4_K_M,,0.5,0,0.0,1,0,calibrated.v1,0.0,32768,data/tasks/core.v002.jsonl,7631adc23aab29b0a1b06fae51267a940aa9f86d58dbe830724a3a2bc8703512,task.literal.000001,literal_retrieval,q4_k_m,Q4_K_M
0.0,0.0,0.499755859375,1.0,1,1,8b259e30f860c924fa1fd12d459343e8c2520eb12741f943ad5dcea5d1c4d120,16810714336,artifacts/q4_k_m.gguf,1,1,q4_k_m:ctx032768:p050,task.literal.000002:baseline:ctx032768:p050:seed1046,db6f2736093beb0d343c16cefe1c0484e6244fb1fb3f28afab01b467f59025ff,0,0.0,0,0.0,0,1,exp_003,0,0.0,1,0,0.0,0,,18921930752.0,10.26201808473633,,93.09565967086412,352.4546699170023,353.5265838338528,352.4546699170023,1,Q4_K_M,,0.5,0,0.0,1,0,calibrated.v1,0.0,32768,data/tasks/core.v002.jsonl,7631adc23aab29b0a1b06fae51267a940aa9f86d58dbe830724a3a2bc8703512,task.literal.000002,literal_retrieval,q4_k_m,Q4_K_M
0.0,0.0,0.499755859375,1.0,1,1,8b259e30f860c924fa1fd12d459343e8c2520eb12741f943ad5dcea5d1c4d120,16810714336,artifacts/q4_k_m.gguf,1,1,q4_k_m:ctx032768:p050,task.literal.000003:baseline:ctx032768:p050:seed1047,5cccaeb45825882b9a4074d58c5299e48aad754d3528f4b6cf384a6b0c2034c9,0,0.0,0,0.0,0,1,exp_003,0,0.0,1,0,0.0,0,,18921930752.0,10.296021334964179,,92.90302785761743,353.19623866607435,353.97323783300817,353.19623866607435,1,Q4_K_M,,0.5,0,0.0,1,0,calibrated.v1,0.0,32768,data/tasks/core.v002.jsonl,7631adc23aab29b0a1b06fae51267a940aa9f86d58dbe830724a3a2bc8703512,task.literal.000003,literal_retrieval,q4_k_m,Q4_K_M
1.0,-1.0,0.49981689453125,1.0,1,1,8b259e30f860c924fa1fd12d459343e8c2520eb12741f943ad5dcea5d1c4d120,16810714336,artifacts/q4_k_m.gguf,1,1,q4_k_m:ctx032768:p050,task.literal.000004:baseline:ctx032768:p050:seed1048,2cf85603037a97818c3c16683a33a0b5a6270de056bd4e780c00c8826c93af44,1,1.0,0,1.0,1,1,exp_003,0,0.0,1,1,1.0,0,,18921930752.0,10.263379698745121,,92.77709473216599,353.6541006669868,354.3361372090876,353.6541006669868,1,Q4_K_M,,0.5,0,1.0,1,0,calibrated.v1,0.0,32768,data/tasks/core.v002.jsonl,7631adc23aab29b0a1b06fae51267a940aa9f86d58dbe830724a3a2bc8703512,task.literal.000004,literal_retrieval,q4_k_m,Q4_K_M
0.0,1.0,0.499786376953125,1.0,1,1,8b259e30f860c924fa1fd12d459343e8c2520eb12741f943ad5dcea5d1c4d120,16810714336,artifacts/q4_k_m.gguf,1,1,q4_k_m:ctx032768:p050,task.literal.000005:baseline:ctx032768:p050:seed1049,4993cf1f7eb0ea1092af78f5c03bd1ddf50995569e807223612e7c1533ae6eb8,0,0.0,0,0.0,0,1,exp_003,0,0.0,1,0,0.0,0,,18921930752.0,10.270423364100521,,92.754576676444,353.70761395897716,354.7786506251432,353.70761395897716,1,Q4_K_M,1.0,0.5,0,0.0,1,0,calibrated.v1,1.0,32768,data/tasks/core.v002.jsonl,7631adc23aab29b0a1b06fae51267a940aa9f86d58dbe830724a3a2bc8703512,task.literal.000005,literal_retrieval,q4_k_m,Q4_K_M
1.0,-1.0,0.499755859375,1.0,1,1,8b259e30f860c924fa1fd12d459343e8c2520eb12741f943ad5dcea5d1c4d120,16810714336,artifacts/q4_k_m.gguf,1,1,q4_k_m:ctx032768:p050,task.literal.000006:baseline:ctx032768:p050:seed1050,13d50f61ad18ac87766de8106f1a6ee7cbb9bd5ba3b5fff76dffc68c88dc0951,1,1.0,0,1.0,1,1,exp_003,0,0.0,1,1,1.0,0,,18921766912.0,10.268644868542642,,92.80383179012217,353.5306610420812,354.2123478751164,353.5306610420812,1,Q4_K_M,,0.5,0,1.0,1,0,calibrated.v1,0.0,32768,data/tasks/core.v002.jsonl,7631adc23aab29b0a1b06fae51267a940aa9f86d58dbe830724a3a2bc8703512,task.literal.000006,literal_retrieval,q4_k_m,Q4_K_M
0.0,0.0,0.499755859375,1.0,1,1,8b259e30f860c924fa1fd12d459343e8c2520eb12741f943ad5dcea5d1c4d120,16810714336,artifacts/q4_k_m.gguf,1,1,q4_k_m:ctx032768:p050,task.literal.000007:baseline:ctx032768:p050:seed1051,87e66bfc47216558999038dd3ce9d2626cfa57f5a7562a701fb164acf862c2bf,0,0.0,0,0.0,0,1,exp_003,0,0.0,1,0,0.0,0,,18921766912.0,10.289991617779679,,92.74820402779564,353.76426254212856,354.9304442501161,353.76426254212856,1,Q4_K_M,,0.5,0,0.0,1,0,calibrated.v1,0.0,32768,data/tasks/core.v002.jsonl,7631adc23aab29b0a1b06fae51267a940aa9f86d58dbe830724a3a2bc8703512,task.literal.000007,literal_retrieval,q4_k_m,Q4_K_M
0.0,0.0,0.49981689453125,1.0,1,1,8b259e30f860c924fa1fd12d459343e8c2520eb12741f943ad5dcea5d1c4d120,16810714336,artifacts/q4_k_m.gguf,1,1,q4_k_m:ctx032768:p050,task.literal.000008:baseline:ctx032768:p050:seed1052,1783d581a622e8edc14952479a5bb84c743aceef0a29e5b0e231b8c717985b3b,0,0.0,0,0.0,0,1,exp_003,0,0.0,1,0,0.0,0,,18921766912.0,10.277694747112216,,92.66918610823426,354.0443309999537,354.920013749972,354.0443309999537,1,Q4_K_M,,0.5,0,0.0,1,0,calibrated.v1,0.0,32768,data/tasks/core.v002.jsonl,7631adc23aab29b0a1b06fae51267a940aa9f86d58dbe830724a3a2bc8703512,task.literal.000008,literal_retrieval,q4_k_m,Q4_K_M
1.0,0.0,0.499786376953125,1.0,1,1,8b259e30f860c924fa1fd12d459343e8c2520eb12741f943ad5dcea5d1c4d120,16810714336,artifacts/q4_k_m.gguf,1,1,q4_k_m:ctx032768:p050,task.literal.000009:baseline:ctx032768:p050:seed1053,4c64d4ecd3b6f13d8465ee8e13c14fbc4fb4673651b798d12a3bfd7e7b6df5aa,1,1.0,0,1.0,1,1,exp_003,0,0.0,1,1,1.0,0,,18921766912.0,10.240630441294954,,92.69190675114115,353.97912449995056,354.66267616604455,353.97912449995056,1,Q4_K_M,0.0,0.5,0,1.0,1,0,calibrated.v1,1.0,32768,data/tasks/core.v002.jsonl,7631adc23aab29b0a1b06fae51267a940aa9f86d58dbe830724a3a2bc8703512,task.literal.000009,literal_retrieval,q4_k_m,Q4_K_M
1.0,-1.0,0.499786376953125,1.0,1,1,8b259e30f860c924fa1fd12d459343e8c2520eb12741f943ad5dcea5d1c4d120,16810714336,artifacts/q4_k_m.gguf,1,1,q4_k_m:ctx032768:p050,task.literal.000010:baseline:ctx032768:p050:seed1054,94b9e611ce001b7da27e96810d762d07ef3dfce98e87937d8adc5ae7905ab322,1,1.0,0,1.0,1,1,exp_003,0,0.0,1,1,1.0,0,,18921766912.0,10.252970681224472,,92.68298039101731,354.0024269998539,354.68515595886856,354.0024269998539,1,Q4_K_M,,0.5,0,1.0,1,0,calibrated.v1,0.0,32768,data/tasks/core.v002.jsonl,7631adc23aab29b0a1b06fae51267a940aa9f86d58dbe830724a3a2bc8703512,task.literal.000010,literal_retrieval,q4_k_m,Q4_K_M
1.0,0.0,0.4991861979166667,1.0,1,1,8b259e30f860c924fa1fd12d459343e8c2520eb12741f943ad5dcea5d1c4d120,16810714336,artifacts/q4_k_m.gguf,1,1,q4_k_m:ctx008192:p050,task.multihop.000001:baseline:ctx008192:p050:seed1045,cc1943a6dd8761c310c66f4aafc910b02b1a98c5b906cd30e92fa5519fb2ced5,1,1.0,0,1.0,1,1,exp_003,0,0.0,1,1,1.0,0,,18905317376.0,12.164409278759177,,105.50726106119335,78.1083682498429,78.51940341689624,78.1083682498429,1,Q4_K_M,0.0,0.5,0,1.0,1,0,calibrated.v1,1.0,8192,data/tasks/core.v002.jsonl,7631adc23aab29b0a1b06fae51267a940aa9f86d58dbe830724a3a2bc8703512,task.multihop.000001,multi_hop,q4_k_m,Q4_K_M
1.0,0.0,0.4991861979166667,1.0,1,1,8b259e30f860c924fa1fd12d459343e8c2520eb12741f943ad5dcea5d1c4d120,16810714336,artifacts/q4_k_m.gguf,1,1,q4_k_m:ctx008192:p050,task.multihop.000002:baseline:ctx008192:p050:seed1064,0f316793be3f09d950071dcfea213d37600b9102f079b50650ba5f64ef262b62,1,1.0,0,1.0,1,1,exp_003,0,0.0,1,1,1.0,0,,18908315648.0,12.189421162478421,,105.55010703089917,78.07666170899756,78.48685345915146,78.07666170899756,1,Q4_K_M,0.0,0.5,0,1.0,1,0,calibrated.v1,1.0,8192,data/tasks/core.v002.jsonl,7631adc23aab29b0a1b06fae51267a940aa9f86d58dbe830724a3a2bc8703512,task.multihop.000002,multi_hop,q4_k_m,Q4_K_M
0.0,0.0,0.4991861979166667,1.0,1,1,8b259e30f860c924fa1fd12d459343e8c2520eb12741f943ad5dcea5d1c4d120,16810714336,artifacts/q4_k_m.gguf,1,1,q4_k_m:ctx008192:p050,task.multihop.000003:baseline:ctx008192:p050:seed1065,83283f53cc0eaae884b8a5890d50fd2c880123a581f45733212c6ba4b23d0cf6,0,0.0,0,0.0,0,1,exp_003,0,0.0,1,0,0.0,0,,18908315648.0,12.198092674746908,,105.34483325400515,78.20032312488183,78.77418333292007,78.20032312488183,1,Q4_K_M,,0.5,0,0.0,1,0,calibrated.v1,0.0,8192,data/tasks/core.v002.jsonl,7631adc23aab29b0a1b06fae51267a940aa9f86d58dbe830724a3a2bc8703512,task.multihop.000003,multi_hop,q4_k_m,Q4_K_M
1.0,0.0,0.4992268880208333,1.0,1,1,8b259e30f860c924fa1fd12d459343e8c2520eb12741f943ad5dcea5d1c4d120,16810714336,artifacts/q4_k_m.gguf,1,1,q4_k_m:ctx008192:p050,task.multihop.000004:baseline:ctx008192:p050:seed1066,ac32879fdf43e51ccebcbe2024875608ad1ec4d79c75a8db4696f61d143cc27f,1,1.0,0,1.0,1,1,exp_003,0,0.0,1,1,1.0,0,,18908315648.0,12.16783296579973,,105.43754584401546,78.11259200004861,78.6056954159867,78.11259200004861,1,Q4_K_M,0.0,0.5,0,1.0,1,0,calibrated.v1,1.0,8192,data/tasks/core.v002.jsonl,7631adc23aab29b0a1b06fae51267a940aa9f86d58dbe830724a3a2bc8703512,task.multihop.000004,multi_hop,q4_k_m,Q4_K_M
1.0,0.0,0.499267578125,1.0,1,1,8b259e30f860c924fa1fd12d459343e8c2520eb12741f943ad5dcea5d1c4d120,16810714336,artifacts/q4_k_m.gguf,1,1,q4_k_m:ctx008192:p050,task.multihop.000005:baseline:ctx008192:p050:seed1067,1c5430327c4aafc6c1ef81da12f6a8a33ef39c7da94ea3f75274d9308c1c08ee,1,1.0,0,1.0,1,1,exp_003,0,0.0,1,1,1.0,0,,18908315648.0,12.205476750234077,,105.52026649353334,78.0703107919544,78.47996295895427,78.0703107919544,1,Q4_K_M,0.0,0.5,0,1.0,1,0,calibrated.v1,1.0,8192,data/tasks/core.v002.jsonl,7631adc23aab29b0a1b06fae51267a940aa9f86d58dbe830724a3a2bc8703512,task.multihop.000005,multi_hop,q4_k_m,Q4_K_M
0.0,0.0,0.499267578125,1.0,1,1,8b259e30f860c924fa1fd12d459343e8c2520eb12741f943ad5dcea5d1c4d120,16810714336,artifacts/q4_k_m.gguf,1,1,q4_k_m:ctx008192:p050,task.multihop.000006:baseline:ctx008192:p050:seed1068,c877c22cfc649b447c19e6bd039752e569ea37362d8a9098f832fbf2fb67be82,0,0.0,0,0.0,0,1,exp_003,0,0.0,1,0,0.0,0,,18908315648.0,12.143284687836742,,105.27682868605014,78.23183983401395,78.97299020900391,78.23183983401395,1,Q4_K_M,,0.5,0,0.0,1,0,calibrated.v1,0.0,8192,data/tasks/core.v002.jsonl,7631adc23aab29b0a1b06fae51267a940aa9f86d58dbe830724a3a2bc8703512,task.multihop.000006,multi_hop,q4_k_m,Q4_K_M
1.0,0.0,0.4991861979166667,1.0,1,1,8b259e30f860c924fa1fd12d459343e8c2520eb12741f943ad5dcea5d1c4d120,16810714336,artifacts/q4_k_m.gguf,1,1,q4_k_m:ctx008192:p050,task.multihop.000007:baseline:ctx008192:p050:seed1069,41d97215032c5e04265ba4226f828b1835b6a9792e5ae3203289e122fc15a232,1,1.0,0,1.0,1,1,exp_003,0,0.0,1,1,1.0,0,,18908315648.0,12.152643278384126,,105.31099552670618,78.23494554194622,78.64637866686098,78.23494554194622,1,Q4_K_M,0.0,0.5,0,1.0,1,0,calibrated.v1,1.0,8192,data/tasks/core.v002.jsonl,7631adc23aab29b0a1b06fae51267a940aa9f86d58dbe830724a3a2bc8703512,task.multihop.000007,multi_hop,q4_k_m,Q4_K_M
0.0,0.0,0.4992268880208333,1.0,1,1,8b259e30f860c924fa1fd12d459343e8c2520eb12741f943ad5dcea5d1c4d120,16810714336,artifacts/q4_k_m.gguf,1,1,q4_k_m:ctx008192:p050,task.multihop.000008:baseline:ctx008192:p050:seed1070,3c8a8613c0ec86e4620f4d0139d9c60f78662166154ba476bff97e3fe5ce96de,0,0.0,0,0.0,0,1,exp_003,0,0.0,1,0,0.0,0,,18908315648.0,12.309729627110936,,105.41898302432713,78.15480441600084,83.35394379100762,78.15480441600084,1,Q4_K_M,,0.5,0,0.0,1,0,calibrated.v1,0.0,8192,data/tasks/core.v002.jsonl,7631adc23aab29b0a1b06fae51267a940aa9f86d58dbe830724a3a2bc8703512,task.multihop.000008,multi_hop,q4_k_m,Q4_K_M
1.0,0.0,0.4990234375,1.0,1,1,8b259e30f860c924fa1fd12d459343e8c2520eb12741f943ad5dcea5d1c4d120,16810714336,artifacts/q4_k_m.gguf,1,1,q4_k_m:ctx008192:p050,task.multihop.000009:baseline:ctx008192:p050:seed1071,57b7b59c1de63afdc091a7d254420df0f3ce7b7687905e1cfbcc93e373f55008,1,1.0,0,1.0,1,1,exp_003,0,0.0,1,1,1.0,0,,18908315648.0,12.178239959160877,,105.60886334361815,77.99534754198976,78.6522569169756,77.99534754198976,1,Q4_K_M,0.0,0.5,0,1.0,1,0,calibrated.v1,1.0,8192,data/tasks/core.v002.jsonl,7631adc23aab29b0a1b06fae51267a940aa9f86d58dbe830724a3a2bc8703512,task.multihop.000009,multi_hop,q4_k_m,Q4_K_M
1.0,0.0,0.4989827473958333,1.0,1,1,8b259e30f860c924fa1fd12d459343e8c2520eb12741f943ad5dcea5d1c4d120,16810714336,artifacts/q4_k_m.gguf,1,1,q4_k_m:ctx008192:p050,task.multihop.000010:baseline:ctx008192:p050:seed1072,ec4d55c8ce490f4edfb0b37ad3cd665af700f7c3e0fbeb4d3c34d4d00d927cbb,1,1.0,0,1.0,1,1,exp_003,0,0.0,1,1,1.0,0,,18908315648.0,12.229809462327902,,105.37535653690024,78.20614108303562,78.7785130420234,78.20614108303562,1,Q4_K_M,0.0,0.5,0,1.0,1,0,calibrated.v1,1.0,8192,data/tasks/core.v002.jsonl,7631adc23aab29b0a1b06fae51267a940aa9f86d58dbe830724a3a2bc8703512,task.multihop.000010,multi_hop,q4_k_m,Q4_K_M
1.0,0.0,0.4997965494791667,1.0,1,1,8b259e30f860c924fa1fd12d459343e8c2520eb12741f943ad5dcea5d1c4d120,16810714336,artifacts/q4_k_m.gguf,1,1,q4_k_m:ctx032768:p050,task.multihop.000001:baseline:ctx032768:p050:seed1045,f9fe2ed3ecf12b5dd074e7adc2f7c00650db03b93d5413a654d44a1cb00b6c9a,1,1.0,0,1.0,1,1,exp_003,0,0.0,1,1,1.0,0,,18945720320.0,10.242108954763122,,92.16442101817073,356.0701584999915,356.5583392078988,356.0701584999915,1,Q4_K_M,0.0,0.5,0,1.0,1,0,calibrated.v1,1.0,32768,data/tasks/core.v002.jsonl,7631adc23aab29b0a1b06fae51267a940aa9f86d58dbe830724a3a2bc8703512,task.multihop.000001,multi_hop,q4_k_m,Q4_K_M
1.0,0.0,0.4997965494791667,1.0,1,1,8b259e30f860c924fa1fd12d459343e8c2520eb12741f943ad5dcea5d1c4d120,16810714336,artifacts/q4_k_m.gguf,1,1,q4_k_m:ctx032768:p050,task.multihop.000002:baseline:ctx032768:p050:seed1064,7c72b660a8e9327d38492b3a1621689838ba7f25bddfa2704de07f5556e528c3,1,1.0,0,1.0,1,1,exp_003,0,0.0,1,1,1.0,0,,18948718592.0,10.23184248029122,,92.09687304919005,356.3313162920531,356.81998683302663,356.3313162920531,1,Q4_K_M,0.0,0.5,0,1.0,1,0,calibrated.v1,1.0,32768,data/tasks/core.v002.jsonl,7631adc23aab29b0a1b06fae51267a940aa9f86d58dbe830724a3a2bc8703512,task.multihop.000002,multi_hop,q4_k_m,Q4_K_M
1.0,-1.0,0.4997965494791667,1.0,1,1,8b259e30f860c924fa1fd12d459343e8c2520eb12741f943ad5dcea5d1c4d120,16810714336,artifacts/q4_k_m.gguf,1,1,q4_k_m:ctx032768:p050,task.multihop.000003:baseline:ctx032768:p050:seed1065,06ae7599346fa52e818dd4ef7c335f9e20cc87a42ff175ac7dca41c8370564c7,1,1.0,0,1.0,1,1,exp_003,0,0.0,1,1,1.0,0,,18948718592.0,10.207301786927955,,92.13390361916997,356.15553787490353,356.6453832918778,356.15553787490353,1,Q4_K_M,,0.5,0,1.0,1,0,calibrated.v1,0.0,32768,data/tasks/core.v002.jsonl,7631adc23aab29b0a1b06fae51267a940aa9f86d58dbe830724a3a2bc8703512,task.multihop.000003,multi_hop,q4_k_m,Q4_K_M
1.0,0.0,0.4998067220052083,1.0,1,1,8b259e30f860c924fa1fd12d459343e8c2520eb12741f943ad5dcea5d1c4d120,16810714336,artifacts/q4_k_m.gguf,1,1,q4_k_m:ctx032768:p050,task.multihop.000004:baseline:ctx032768:p050:seed1066,6f302d57316dc8acc4f93967d2f81c69d4fce2342142c30bb9b81be655f75697,1,1.0,0,1.0,1,1,exp_003,0,0.0,1,1,1.0,0,,18948718592.0,10.238773173530292,,92.15496607715923,356.0524342500139,356.638441957999,356.0524342500139,1,Q4_K_M,0.0,0.5,0,1.0,1,0,calibrated.v1,1.0,32768,data/tasks/core.v002.jsonl,7631adc23aab29b0a1b06fae51267a940aa9f86d58dbe830724a3a2bc8703512,task.multihop.000004,multi_hop,q4_k_m,Q4_K_M
1.0,0.0,0.49981689453125,1.0,1,1,8b259e30f860c924fa1fd12d459343e8c2520eb12741f943ad5dcea5d1c4d120,16810714336,artifacts/q4_k_m.gguf,1,1,q4_k_m:ctx032768:p050,task.multihop.000005:baseline:ctx032768:p050:seed1067,fdac683d1441c7620a97a75db3cabbbfbd2727fdff76e7f8a949fd633c13dc4b,1,1.0,0,1.0,1,1,exp_003,0,0.0,1,1,1.0,0,,18948734976.0,10.24323237255227,,92.08328998930666,356.3512989578303,356.8394261249341,356.3512989578303,1,Q4_K_M,0.0,0.5,0,1.0,1,0,calibrated.v1,1.0,32768,data/tasks/core.v002.jsonl,7631adc23aab29b0a1b06fae51267a940aa9f86d58dbe830724a3a2bc8703512,task.multihop.000005,multi_hop,q4_k_m,Q4_K_M
0.0,0.0,0.49981689453125,1.0,1,1,8b259e30f860c924fa1fd12d459343e8c2520eb12741f943ad5dcea5d1c4d120,16810714336,artifacts/q4_k_m.gguf,1,1,q4_k_m:ctx032768:p050,task.multihop.000006:baseline:ctx032768:p050:seed1068,3c3c7196f6670d40d722cb9d40a9ab28b8e72b752f8e313647bef9ecda8a547d,0,0.0,0,0.0,0,1,exp_003,0,0.0,1,0,0.0,0,,18948718592.0,10.282613348092623,,92.10408773319897,356.24911779211834,357.0271301250905,356.24911779211834,1,Q4_K_M,,0.5,0,0.0,1,0,calibrated.v1,0.0,32768,data/tasks/core.v002.jsonl,7631adc23aab29b0a1b06fae51267a940aa9f86d58dbe830724a3a2bc8703512,task.multihop.000006,multi_hop,q4_k_m,Q4_K_M
1.0,0.0,0.4997965494791667,1.0,1,1,8b259e30f860c924fa1fd12d459343e8c2520eb12741f943ad5dcea5d1c4d120,16810714336,artifacts/q4_k_m.gguf,1,1,q4_k_m:ctx032768:p050,task.multihop.000007:baseline:ctx032768:p050:seed1069,a85e4d8aaaa959054769682b188dc2be10debe06630a99b6e9dfe249d40aeda5,1,1.0,0,1.0,1,1,exp_003,0,0.0,1,1,1.0,0,,18948718592.0,10.199679116269097,,92.07047723783029,356.41175091592595,356.9019624160137,356.41175091592595,1,Q4_K_M,0.0,0.5,0,1.0,1,0,calibrated.v1,1.0,32768,data/tasks/core.v002.jsonl,7631adc23aab29b0a1b06fae51267a940aa9f86d58dbe830724a3a2bc8703512,task.multihop.000007,multi_hop,q4_k_m,Q4_K_M
0.0,0.0,0.4998067220052083,0.0,0,1,8b259e30f860c924fa1fd12d459343e8c2520eb12741f943ad5dcea5d1c4d120,16810714336,artifacts/q4_k_m.gguf,1,1,q4_k_m:ctx032768:p050,task.multihop.000008:baseline:ctx032768:p050:seed1070,9fdaffba8a508a7cebdf6a3bcdeee1ce2163b9b530cc39e9e7625b6d10e1cf36,0,0.0,0,0.0,0,1,exp_003,0,0.0,1,0,0.0,0,,18948718592.0,10.335312666722986,,92.0719461143649,356.40606487495825,362.59842712501995,356.40606487495825,1,Q4_K_M,,0.5,0,0.0,1,0,calibrated.v1,0.0,32768,data/tasks/core.v002.jsonl,7631adc23aab29b0a1b06fae51267a940aa9f86d58dbe830724a3a2bc8703512,task.multihop.000008,multi_hop,q4_k_m,Q4_K_M
1.0,0.0,0.4997355143229167,1.0,1,1,8b259e30f860c924fa1fd12d459343e8c2520eb12741f943ad5dcea5d1c4d120,16810714336,artifacts/q4_k_m.gguf,1,1,q4_k_m:ctx032768:p050,task.multihop.000009:baseline:ctx032768:p050:seed1071,fb232a75f3b7bc99096dd40d7ceeb4340af9dbfef289aef4e04008c7e78e3cae,1,1.0,0,1.0,1,1,exp_003,0,0.0,1,1,1.0,0,,18948718592.0,10.245699887269605,,92.17134577939619,356.00000979192555,356.78082516696304,356.00000979192555,1,Q4_K_M,0.0,0.5,0,1.0,1,0,calibrated.v1,1.0,32768,data/tasks/core.v002.jsonl,7631adc23aab29b0a1b06fae51267a940aa9f86d58dbe830724a3a2bc8703512,task.multihop.000009,multi_hop,q4_k_m,Q4_K_M
1.0,0.0,0.4997660319010417,1.0,1,1,8b259e30f860c924fa1fd12d459343e8c2520eb12741f943ad5dcea5d1c4d120,16810714336,artifacts/q4_k_m.gguf,1,1,q4_k_m:ctx032768:p050,task.multihop.000010:baseline:ctx032768:p050:seed1072,1effdf2f7bd5c18544a015548d7e1fa2d09783efde5b7e9b14e04841abbf178b,1,1.0,0,1.0,1,1,exp_003,0,0.0,1,1,1.0,0,,18948718592.0,10.245532353974527,,92.05233029776848,356.50373970810324,357.1869643330574,356.50373970810324,1,Q4_K_M,0.0,0.5,0,1.0,1,0,calibrated.v1,1.0,32768,data/tasks/core.v002.jsonl,7631adc23aab29b0a1b06fae51267a940aa9f86d58dbe830724a3a2bc8703512,task.multihop.000010,multi_hop,q4_k_m,Q4_K_M
0.0,0.0,0.499267578125,1.0,1,1,8b259e30f860c924fa1fd12d459343e8c2520eb12741f943ad5dcea5d1c4d120,16810714336,artifacts/q4_k_m.gguf,1,1,q4_k_m:ctx008192:p050,task.semantic.000001:baseline:ctx008192:p050:seed1044,ce8fe935e6eced6d613062fc72d1613004e117a6c7286d839af96777b6e71d9f,0,0.0,0,0.0,0,1,exp_003,0,0.0,1,1,1.0,0,,18881314816.0,12.134199167883587,,105.43130846771986,78.0792737910524,78.57374400016852,78.0792737910524,1,Q4_K_M,,0.5,0,0.0,1,0,calibrated.v1,0.0,8192,data/tasks/core.v002.jsonl,7631adc23aab29b0a1b06fae51267a940aa9f86d58dbe830724a3a2bc8703512,task.semantic.000001,semantic_retrieval,q4_k_m,Q4_K_M
0.0,0.0,0.4990234375,1.0,1,1,8b259e30f860c924fa1fd12d459343e8c2520eb12741f943ad5dcea5d1c4d120,16810714336,artifacts/q4_k_m.gguf,1,1,q4_k_m:ctx008192:p050,task.semantic.000002:baseline:ctx008192:p050:seed1055,242adbfd4f66cb6c97187c977b7b2acc7036dad2cfdf06ed4d5cfe744a1b14a1,0,0.0,0,0.0,0,1,exp_003,0,0.0,1,1,1.0,0,,18881331200.0,12.23272035937475,,105.2587477438388,78.1977762079332,78.6882639999967,78.1977762079332,1,Q4_K_M,,0.5,0,0.0,1,0,calibrated.v1,0.0,8192,data/tasks/core.v002.jsonl,7631adc23aab29b0a1b06fae51267a940aa9f86d58dbe830724a3a2bc8703512,task.semantic.000002,semantic_retrieval,q4_k_m,Q4_K_M
0.0,0.0,0.499267578125,1.0,1,1,8b259e30f860c924fa1fd12d459343e8c2520eb12741f943ad5dcea5d1c4d120,16810714336,artifacts/q4_k_m.gguf,1,1,q4_k_m:ctx008192:p050,task.semantic.000003:baseline:ctx008192:p050:seed1056,cf2e50c5b26687b0e8349cdffaae7c80cb81fb679e4c703893b5dc93954eb227,0,0.0,0,0.0,0,1,exp_003,0,0.0,1,0,0.0,0,,18881331200.0,12.30197120042002,,105.59155540362302,77.98919116705656,83.19160945899785,77.98919116705656,1,Q4_K_M,,0.5,0,0.0,1,0,calibrated.v1,0.0,8192,data/tasks/core.v002.jsonl,7631adc23aab29b0a1b06fae51267a940aa9f86d58dbe830724a3a2bc8703512,task.semantic.000003,semantic_retrieval,q4_k_m,Q4_K_M
0.0,0.0,0.4993896484375,1.0,1,1,8b259e30f860c924fa1fd12d459343e8c2520eb12741f943ad5dcea5d1c4d120,16810714336,artifacts/q4_k_m.gguf,1,1,q4_k_m:ctx008192:p050,task.semantic.000004:baseline:ctx008192:p050:seed1057,a1558bfa97785bc75ba9554d601ff2a1f6a986b0e745c95795249b34a5b82ae1,0,0.0,0,0.0,0,1,exp_003,0,0.0,1,1,1.0,0,,18884313088.0,12.14628994404675,,105.8024092689144,77.81486316700466,78.144181832904,77.81486316700466,1,Q4_K_M,,0.5,0,0.0,1,0,calibrated.v1,0.0,8192,data/tasks/core.v002.jsonl,7631adc23aab29b0a1b06fae51267a940aa9f86d58dbe830724a3a2bc8703512,task.semantic.000004,semantic_retrieval,q4_k_m,Q4_K_M
0.0,0.0,0.499267578125,1.0,1,1,8b259e30f860c924fa1fd12d459343e8c2520eb12741f943ad5dcea5d1c4d120,16810714336,artifacts/q4_k_m.gguf,1,1,q4_k_m:ctx008192:p050,task.semantic.000005:baseline:ctx008192:p050:seed1058,cce2bf1e2d86f62a11e90cdac85a8fc53959319f0c90c243603a83e1fa667b78,0,0.0,0,0.0,0,1,exp_003,0,0.0,1,0,0.0,0,,18887311360.0,12.304248991989175,,105.63546629547646,77.937839332968,83.13929454097524,77.937839332968,1,Q4_K_M,,0.5,0,0.0,1,0,calibrated.v1,0.0,8192,data/tasks/core.v002.jsonl,7631adc23aab29b0a1b06fae51267a940aa9f86d58dbe830724a3a2bc8703512,task.semantic.000005,semantic_retrieval,q4_k_m,Q4_K_M
1.0,0.0,0.4990234375,1.0,1,1,8b259e30f860c924fa1fd12d459343e8c2520eb12741f943ad5dcea5d1c4d120,16810714336,artifacts/q4_k_m.gguf,1,1,q4_k_m:ctx008192:p050,task.semantic.000006:baseline:ctx008192:p050:seed1059,04233973a07cfafa5b48be9d6d55ed8ce82d6c67526e4f09cfa39d428b36ee42,1,1.0,0,1.0,1,1,exp_003,0,0.0,1,1,1.0,0,,18890309632.0,12.18403744997328,,105.88422394560371,77.76418141601607,78.17455441597849,77.76418141601607,1,Q4_K_M,0.0,0.5,0,1.0,1,0,calibrated.v1,1.0,8192,data/tasks/core.v002.jsonl,7631adc23aab29b0a1b06fae51267a940aa9f86d58dbe830724a3a2bc8703512,task.semantic.000006,semantic_retrieval,q4_k_m,Q4_K_M
1.0,0.0,0.499267578125,1.0,1,1,8b259e30f860c924fa1fd12d459343e8c2520eb12741f943ad5dcea5d1c4d120,16810714336,artifacts/q4_k_m.gguf,1,1,q4_k_m:ctx008192:p050,task.semantic.000007:baseline:ctx008192:p050:seed1060,073ccd724a7db9fb5eb2b07f992af492ab4220f2759a0006994a2728ffbdaa1d,1,1.0,0,1.0,1,1,exp_003,0,0.0,1,1,1.0,0,,18893307904.0,12.19038538809413,,105.50112258011413,78.03708433290012,78.28317991597578,78.03708433290012,1,Q4_K_M,0.0,0.5,0,1.0,1,0,calibrated.v1,1.0,8192,data/tasks/core.v002.jsonl,7631adc23aab29b0a1b06fae51267a940aa9f86d58dbe830724a3a2bc8703512,task.semantic.000007,semantic_retrieval,q4_k_m,Q4_K_M
0.0,0.0,0.499267578125,1.0,1,1,8b259e30f860c924fa1fd12d459343e8c2520eb12741f943ad5dcea5d1c4d120,16810714336,artifacts/q4_k_m.gguf,1,1,q4_k_m:ctx008192:p050,task.semantic.000008:baseline:ctx008192:p050:seed1061,1d526937b3af25c39fd321c2b4f2122093ab3c72468bc43ef680aa540af1c4a1,0,0.0,0,0.0,0,1,exp_003,0,0.0,1,1,1.0,0,,18896322560.0,12.222541940805263,,105.48907887700902,78.01755487499759,78.42663508304395,78.01755487499759,1,Q4_K_M,,0.5,0,0.0,1,0,calibrated.v1,0.0,8192,data/tasks/core.v002.jsonl,7631adc23aab29b0a1b06fae51267a940aa9f86d58dbe830724a3a2bc8703512,task.semantic.000008,semantic_retrieval,q4_k_m,Q4_K_M
0.0,0.0,0.4993896484375,1.0,1,1,8b259e30f860c924fa1fd12d459343e8c2520eb12741f943ad5dcea5d1c4d120,16810714336,artifacts/q4_k_m.gguf,1,1,q4_k_m:ctx008192:p050,task.semantic.000009:baseline:ctx008192:p050:seed1062,ffa5dfdd51684a596111c62e7f334d0266e94d2a47380b9faeb9e033bf75d6aa,0,0.0,0,0.0,0,1,exp_003,0,0.0,1,1,1.0,0,,18899320832.0,12.166893276779454,,105.4524998374756,78.06358325015754,78.39234425011091,78.06358325015754,1,Q4_K_M,,0.5,0,0.0,1,0,calibrated.v1,0.0,8192,data/tasks/core.v002.jsonl,7631adc23aab29b0a1b06fae51267a940aa9f86d58dbe830724a3a2bc8703512,task.semantic.000009,semantic_retrieval,q4_k_m,Q4_K_M
1.0,0.0,0.499267578125,1.0,1,1,8b259e30f860c924fa1fd12d459343e8c2520eb12741f943ad5dcea5d1c4d120,16810714336,artifacts/q4_k_m.gguf,1,1,q4_k_m:ctx008192:p050,task.semantic.000010:baseline:ctx008192:p050:seed1063,4d5854eae06a13a502f07c8055c070dff354a17a0f311c2d67721c1d07f59059,1,1.0,0,1.0,1,1,exp_003,0,0.0,1,1,1.0,0,,18902319104.0,12.115280920939565,,105.4354298305108,78.09519070805982,78.3428118750453,78.09519070805982,1,Q4_K_M,0.0,0.5,0,1.0,1,0,calibrated.v1,1.0,8192,data/tasks/core.v002.jsonl,7631adc23aab29b0a1b06fae51267a940aa9f86d58dbe830724a3a2bc8703512,task.semantic.000010,semantic_retrieval,q4_k_m,Q4_K_M
0.0,0.0,0.49981689453125,1.0,1,1,8b259e30f860c924fa1fd12d459343e8c2520eb12741f943ad5dcea5d1c4d120,16810714336,artifacts/q4_k_m.gguf,1,1,q4_k_m:ctx032768:p050,task.semantic.000001:baseline:ctx032768:p050:seed1044,455fc4e84073472ef3496c4fdfbe9dfe18694d5120e7fe3d9b2b6290011dec07,0,0.0,0,0.0,0,1,exp_003,0,0.0,1,1,1.0,0,,18921766912.0,10.219077139880042,,92.65373450001458,354.0925811252091,354.67971829208545,354.0925811252091,1,Q4_K_M,,0.5,0,0.0,1,0,calibrated.v1,0.0,32768,data/tasks/core.v002.jsonl,7631adc23aab29b0a1b06fae51267a940aa9f86d58dbe830724a3a2bc8703512,task.semantic.000001,semantic_retrieval,q4_k_m,Q4_K_M
0.0,0.0,0.499755859375,1.0,1,1,8b259e30f860c924fa1fd12d459343e8c2520eb12741f943ad5dcea5d1c4d120,16810714336,artifacts/q4_k_m.gguf,1,1,q4_k_m:ctx032768:p050,task.semantic.000002:baseline:ctx032768:p050:seed1055,455c1193040121c1a9ca57f2bb396d6a3392be15becf87a0ca8fb909beaf643e,0,0.0,0,0.0,0,1,exp_003,0,0.0,1,1,1.0,0,,18921766912.0,10.275927193234208,,92.68513918339895,353.9618140410166,354.54570295801386,353.9618140410166,1,Q4_K_M,,0.5,0,0.0,1,0,calibrated.v1,0.0,32768,data/tasks/core.v002.jsonl,7631adc23aab29b0a1b06fae51267a940aa9f86d58dbe830724a3a2bc8703512,task.semantic.000002,semantic_retrieval,q4_k_m,Q4_K_M
0.0,0.0,0.49981689453125,1.0,1,1,8b259e30f860c924fa1fd12d459343e8c2520eb12741f943ad5dcea5d1c4d120,16810714336,artifacts/q4_k_m.gguf,1,1,q4_k_m:ctx032768:p050,task.semantic.000003:baseline:ctx032768:p050:seed1056,27e0f3126fce553c91cf11df5e4d629746c71962ec1f9de1828afec72a5aefb1,0,0.0,0,0.0,0,1,exp_003,0,0.0,1,0,0.0,0,,18921766912.0,10.356448388040391,,92.54891459216209,354.52603787509724,360.70576258399524,354.52603787509724,1,Q4_K_M,,0.5,0,0.0,1,0,calibrated.v1,0.0,32768,data/tasks/core.v002.jsonl,7631adc23aab29b0a1b06fae51267a940aa9f86d58dbe830724a3a2bc8703512,task.semantic.000003,semantic_retrieval,q4_k_m,Q4_K_M
0.0,0.0,0.499847412109375,1.0,1,1,8b259e30f860c924fa1fd12d459343e8c2520eb12741f943ad5dcea5d1c4d120,16810714336,artifacts/q4_k_m.gguf,1,1,q4_k_m:ctx032768:p050,task.semantic.000004:baseline:ctx032768:p050:seed1057,893eaa9d06fee6e502c862b1a2bca1e618c1e767e61ca0741c132c39a98a9568,0,0.0,0,0.0,0,1,exp_003,0,0.0,1,1,1.0,0,,18924765184.0,10.205131642475203,,92.42721766107758,354.97119604214095,355.3631557091139,354.97119604214095,1,Q4_K_M,,0.5,0,0.0,1,0,calibrated.v1,0.0,32768,data/tasks/core.v002.jsonl,7631adc23aab29b0a1b06fae51267a940aa9f86d58dbe830724a3a2bc8703512,task.semantic.000004,semantic_retrieval,q4_k_m,Q4_K_M
0.0,0.0,0.49981689453125,1.0,1,1,8b259e30f860c924fa1fd12d459343e8c2520eb12741f943ad5dcea5d1c4d120,16810714336,artifacts/q4_k_m.gguf,1,1,q4_k_m:ctx032768:p050,task.semantic.000005:baseline:ctx032768:p050:seed1058,ab035ea3a5135430e48111eede34f3def137f36502d8a0b62af56c68efd921f3,0,0.0,0,0.0,0,1,exp_003,0,0.0,1,0,0.0,0,,18927763456.0,10.352736818390756,,92.15057227298419,356.036855667131,362.2187958750874,356.036855667131,1,Q4_K_M,,0.5,0,0.0,1,0,calibrated.v1,0.0,32768,data/tasks/core.v002.jsonl,7631adc23aab29b0a1b06fae51267a940aa9f86d58dbe830724a3a2bc8703512,task.semantic.000005,semantic_retrieval,q4_k_m,Q4_K_M
1.0,0.0,0.499755859375,1.0,1,1,8b259e30f860c924fa1fd12d459343e8c2520eb12741f943ad5dcea5d1c4d120,16810714336,artifacts/q4_k_m.gguf,1,1,q4_k_m:ctx032768:p050,task.semantic.000006:baseline:ctx032768:p050:seed1059,5da6fa95823bb267079daa3e3c2aec7177d3abfdc0909382cb1dcab5bb865903,1,1.0,0,1.0,1,1,exp_003,0,0.0,1,1,1.0,0,,18930761728.0,10.232593666355578,,92.24905875587316,355.66758558293805,356.1562202500645,355.66758558293805,1,Q4_K_M,0.0,0.5,0,1.0,1,0,calibrated.v1,1.0,32768,data/tasks/core.v002.jsonl,7631adc23aab29b0a1b06fae51267a940aa9f86d58dbe830724a3a2bc8703512,task.semantic.000006,semantic_retrieval,q4_k_m,Q4_K_M
1.0,0.0,0.49981689453125,1.0,1,1,8b259e30f860c924fa1fd12d459343e8c2520eb12741f943ad5dcea5d1c4d120,16810714336,artifacts/q4_k_m.gguf,1,1,q4_k_m:ctx032768:p050,task.semantic.000007:baseline:ctx032768:p050:seed1060,2eb9009816626081b0e971f649dec2203ebc1ed606279028f10c5b853f949048,1,1.0,0,1.0,1,1,exp_003,0,0.0,1,1,1.0,0,,18933727232.0,10.231882871748791,,92.21511243590135,355.7876700828783,356.08087125001475,355.7876700828783,1,Q4_K_M,0.0,0.5,0,1.0,1,0,calibrated.v1,1.0,32768,data/tasks/core.v002.jsonl,7631adc23aab29b0a1b06fae51267a940aa9f86d58dbe830724a3a2bc8703512,task.semantic.000007,semantic_retrieval,q4_k_m,Q4_K_M
0.0,0.0,0.49981689453125,1.0,1,1,8b259e30f860c924fa1fd12d459343e8c2520eb12741f943ad5dcea5d1c4d120,16810714336,artifacts/q4_k_m.gguf,1,1,q4_k_m:ctx032768:p050,task.semantic.000008:baseline:ctx032768:p050:seed1061,1ea78fcf1a8b29d0b8b58356970df7ae0ccf3aeddc0cc1b583a76833f64fd51b,0,0.0,0,0.0,0,1,exp_003,0,0.0,1,1,1.0,0,,18936758272.0,10.199778801186756,,92.17313636055835,355.91714999987744,356.40735670900904,355.91714999987744,1,Q4_K_M,,0.5,0,0.0,1,0,calibrated.v1,0.0,32768,data/tasks/core.v002.jsonl,7631adc23aab29b0a1b06fae51267a940aa9f86d58dbe830724a3a2bc8703512,task.semantic.000008,semantic_retrieval,q4_k_m,Q4_K_M
0.0,0.0,0.499847412109375,1.0,1,1,8b259e30f860c924fa1fd12d459343e8c2520eb12741f943ad5dcea5d1c4d120,16810714336,artifacts/q4_k_m.gguf,1,1,q4_k_m:ctx032768:p050,task.semantic.000009:baseline:ctx032768:p050:seed1062,de42589a4892baa52c35835b449313796599ebb55297d1078b7774d3e90ae54e,0,0.0,0,0.0,0,1,exp_003,0,0.0,1,1,1.0,0,,18939723776.0,10.187287963706428,,92.1465120156686,356.0416914578527,356.4343376669567,356.0416914578527,1,Q4_K_M,,0.5,0,0.0,1,0,calibrated.v1,0.0,32768,data/tasks/core.v002.jsonl,7631adc23aab29b0a1b06fae51267a940aa9f86d58dbe830724a3a2bc8703512,task.semantic.000009,semantic_retrieval,q4_k_m,Q4_K_M
1.0,0.0,0.49981689453125,1.0,1,1,8b259e30f860c924fa1fd12d459343e8c2520eb12741f943ad5dcea5d1c4d120,16810714336,artifacts/q4_k_m.gguf,1,1,q4_k_m:ctx032768:p050,task.semantic.000010:baseline:ctx032768:p050:seed1063,53bdec0fce2a85821460ca2120b3e304fbdfe68e33649df0344abf16fa41a653,1,1.0,0,1.0,1,1,exp_003,0,0.0,1,1,1.0,0,,18942722048.0,10.185490520962922,,92.10268916480405,356.23281250009313,356.5273491248954,356.23281250009313,1,Q4_K_M,0.0,0.5,0,1.0,1,0,calibrated.v1,1.0,32768,data/tasks/core.v002.jsonl,7631adc23aab29b0a1b06fae51267a940aa9f86d58dbe830724a3a2bc8703512,task.semantic.000010,semantic_retrieval,q4_k_m,Q4_K_M
0.0,0.0,0.4990234375,1.0,1,1,6cb70620c7811dce01e1a622fe0a4f9ac445e31c569640c36ecfac85c4609b6c,29047084256,artifacts/q8_0.gguf,1,1,q8_0:ctx008192:p050,task.literal.000001:baseline:ctx008192:p050:seed1043,c3ebbc47848d1dad8594046b23538278b62080373e923c75c6fd6db179d394fc,0,0.0,0,0.0,0,1,exp_003,0,0.0,1,0,0.0,0,,31143165952.0,8.079601456002571,,112.57809340418001,73.14033975009806,74.50179304205813,73.14033975009806,1,Q8_0,,0.5,0,0.0,1,0,calibrated.v1,0.0,8192,data/tasks/core.v002.jsonl,7631adc23aab29b0a1b06fae51267a940aa9f86d58dbe830724a3a2bc8703512,task.literal.000001,literal_retrieval,q8_0,Q8_0
0.0,0.0,0.4990234375,1.0,1,1,6cb70620c7811dce01e1a622fe0a4f9ac445e31c569640c36ecfac85c4609b6c,29047084256,artifacts/q8_0.gguf,1,1,q8_0:ctx008192:p050,task.literal.000002:baseline:ctx008192:p050:seed1046,59cf70db445f33566d2e890d8460fddecf37a36b0d314e0dcc16d25bb813b90b,0,0.0,0,0.0,0,1,exp_003,0,0.0,1,0,0.0,0,,31146606592.0,8.092948990034861,,109.36676041522738,75.3062444999814,76.66545237507671,75.3062444999814,1,Q8_0,,0.5,0,0.0,1,0,calibrated.v1,0.0,8192,data/tasks/core.v002.jsonl,7631adc23aab29b0a1b06fae51267a940aa9f86d58dbe830724a3a2bc8703512,task.literal.000002,literal_retrieval,q8_0,Q8_0
0.0,0.0,0.4990234375,1.0,1,1,6cb70620c7811dce01e1a622fe0a4f9ac445e31c569640c36ecfac85c4609b6c,29047084256,artifacts/q8_0.gguf,1,1,q8_0:ctx008192:p050,task.literal.000003:baseline:ctx008192:p050:seed1047,e4ef253445550dfb5cb0c8e744d49371219f859588953c7e9a2342913b455996,0,0.0,0,0.0,0,1,exp_003,0,0.0,1,0,0.0,0,,31149604864.0,8.071212038369028,,111.22733188024813,74.05553887481801,75.29451016592793,74.05553887481801,1,Q8_0,,0.5,0,0.0,1,0,calibrated.v1,0.0,8192,data/tasks/core.v002.jsonl,7631adc23aab29b0a1b06fae51267a940aa9f86d58dbe830724a3a2bc8703512,task.literal.000003,literal_retrieval,q8_0,Q8_0
0.0,0.0,0.499267578125,1.0,1,1,6cb70620c7811dce01e1a622fe0a4f9ac445e31c569640c36ecfac85c4609b6c,29047084256,artifacts/q8_0.gguf,1,1,q8_0:ctx008192:p050,task.literal.000004:baseline:ctx008192:p050:seed1048,1597623490d80fd77f0aec3c16a336f4ca490d89befbb16b5d964a32260fe67b,0,0.0,0,0.0,0,1,exp_003,0,0.0,1,0,0.0,0,,31152619520.0,8.103611880334906,,111.73495253564661,73.7011992498301,74.8118151249364,73.7011992498301,1,Q8_0,,0.5,0,0.0,1,0,calibrated.v1,0.0,8192,data/tasks/core.v002.jsonl,7631adc23aab29b0a1b06fae51267a940aa9f86d58dbe830724a3a2bc8703512,task.literal.000004,literal_retrieval,q8_0,Q8_0
1.0,0.0,0.4991455078125,1.0,1,1,6cb70620c7811dce01e1a622fe0a4f9ac445e31c569640c36ecfac85c4609b6c,29047084256,artifacts/q8_0.gguf,1,1,q8_0:ctx008192:p050,task.literal.000005:baseline:ctx008192:p050:seed1049,06578bbf5cac04e1947b3e17f72801d6f9fd06bdeb346df600addffaa15e3336,1,1.0,0,1.0,1,1,exp_003,0,0.0,1,1,1.0,0,,31155617792.0,8.092882350553916,,112.09756408906212,73.43602929194458,74.42455224995501,73.43602929194458,1,Q8_0,0.0,0.5,0,1.0,1,0,calibrated.v1,1.0,8192,data/tasks/core.v002.jsonl,7631adc23aab29b0a1b06fae51267a940aa9f86d58dbe830724a3a2bc8703512,task.literal.000005,literal_retrieval,q8_0,Q8_0
0.0,0.0,0.4990234375,1.0,1,1,6cb70620c7811dce01e1a622fe0a4f9ac445e31c569640c36ecfac85c4609b6c,29047084256,artifacts/q8_0.gguf,1,1,q8_0:ctx008192:p050,task.literal.000006:baseline:ctx008192:p050:seed1050,319a9c77b5713f5e12b087a38eb23b1a61d95728696241bc03f96710d51b99cf,0,0.0,0,0.0,0,1,exp_003,0,0.0,1,0,0.0,0,,31158616064.0,8.103544163912218,,112.07204542261971,73.46167341689579,74.94250695803203,73.46167341689579,1,Q8_0,,0.5,0,0.0,1,0,calibrated.v1,0.0,8192,data/tasks/core.v002.jsonl,7631adc23aab29b0a1b06fae51267a940aa9f86d58dbe830724a3a2bc8703512,task.literal.000006,literal_retrieval,q8_0,Q8_0
0.0,0.0,0.4990234375,1.0,1,1,6cb70620c7811dce01e1a622fe0a4f9ac445e31c569640c36ecfac85c4609b6c,29047084256,artifacts/q8_0.gguf,1,1,q8_0:ctx008192:p050,task.literal.000007:baseline:ctx008192:p050:seed1051,dd71185bbe15ced643f6c7befa256ecd01a649aebba1fb425daac9e0b4f08f05,0,0.0,0,0.0,0,1,exp_003,0,0.0,1,0,0.0,0,,31161647104.0,8.103648910835265,,112.2563429046051,73.35888366680592,74.59289566683583,73.35888366680592,1,Q8_0,,0.5,0,0.0,1,0,calibrated.v1,0.0,8192,data/tasks/core.v002.jsonl,7631adc23aab29b0a1b06fae51267a940aa9f86d58dbe830724a3a2bc8703512,task.literal.000007,literal_retrieval,q8_0,Q8_0
0.0,0.0,0.499267578125,1.0,1,1,6cb70620c7811dce01e1a622fe0a4f9ac445e31c569640c36ecfac85c4609b6c,29047084256,artifacts/q8_0.gguf,1,1,q8_0:ctx008192:p050,task.literal.000008:baseline:ctx008192:p050:seed1052,0b8da0e3d7567197749c118e24394d5719e58d00b33e5111f1b9750b8d80c532,0,0.0,0,0.0,0,1,exp_003,0,0.0,1,0,0.0,0,,31164645376.0,8.088908791213484,,112.24489093917214,73.34855004190467,74.4611846669577,73.34855004190467,1,Q8_0,,0.5,0,0.0,1,0,calibrated.v1,0.0,8192,data/tasks/core.v002.jsonl,7631adc23aab29b0a1b06fae51267a940aa9f86d58dbe830724a3a2bc8703512,task.literal.000008,literal_retrieval,q8_0,Q8_0
1.0,0.0,0.4991455078125,1.0,1,1,6cb70620c7811dce01e1a622fe0a4f9ac445e31c569640c36ecfac85c4609b6c,29047084256,artifacts/q8_0.gguf,1,1,q8_0:ctx008192:p050,task.literal.000009:baseline:ctx008192:p050:seed1053,ffe69cfebdd850744b110b99f1d9d548fb1799888a257bad98db93476fed2441,1,1.0,0,1.0,1,1,exp_003,0,0.0,1,1,1.0,0,,31167660032.0,8.091541925382424,,112.26085664293753,73.3559340829961,74.2210349580273,73.3559340829961,1,Q8_0,0.0,0.5,0,1.0,1,0,calibrated.v1,1.0,8192,data/tasks/core.v002.jsonl,7631adc23aab29b0a1b06fae51267a940aa9f86d58dbe830724a3a2bc8703512,task.literal.000009,literal_retrieval,q8_0,Q8_0
0.0,0.0,0.4991455078125,1.0,1,1,6cb70620c7811dce01e1a622fe0a4f9ac445e31c569640c36ecfac85c4609b6c,29047084256,artifacts/q8_0.gguf,1,1,q8_0:ctx008192:p050,task.literal.000010:baseline:ctx008192:p050:seed1054,bf24acdd2f9db0aaaf99460141fdd23a417dd815152e1409f5836bea4d4a7dfe,0,0.0,0,0.0,0,1,exp_003,0,0.0,1,0,0.0,0,,31167660032.0,8.095754789290801,,112.15711164490257,73.41487204190344,74.5265657918062,73.41487204190344,1,Q8_0,,0.5,0,0.0,1,0,calibrated.v1,0.0,8192,data/tasks/core.v002.jsonl,7631adc23aab29b0a1b06fae51267a940aa9f86d58dbe830724a3a2bc8703512,task.literal.000010,literal_retrieval,q8_0,Q8_0
0.0,0.0,0.499755859375,1.0,1,1,6cb70620c7811dce01e1a622fe0a4f9ac445e31c569640c36ecfac85c4609b6c,29047084256,artifacts/q8_0.gguf,1,1,q8_0:ctx032768:p050,task.literal.000001:baseline:ctx032768:p050:seed1043,742a7775efbfdc8d4bbba7f3ceed53d016a9c5b129f96366186a71ac8e1982fd,0,0.0,0,0.0,0,1,exp_003,0,0.0,1,0,0.0,0,,31193022464.0,7.205665749848773,,99.58627184097307,329.46308154193684,330.9896580418572,329.46308154193684,1,Q8_0,,0.5,0,0.0,1,0,calibrated.v1,0.0,32768,data/tasks/core.v002.jsonl,7631adc23aab29b0a1b06fae51267a940aa9f86d58dbe830724a3a2bc8703512,task.literal.000001,literal_retrieval,q8_0,Q8_0
0.0,0.0,0.499755859375,1.0,1,1,6cb70620c7811dce01e1a622fe0a4f9ac445e31c569640c36ecfac85c4609b6c,29047084256,artifacts/q8_0.gguf,1,1,q8_0:ctx032768:p050,task.literal.000002:baseline:ctx032768:p050:seed1046,db6f2736093beb0d343c16cefe1c0484e6244fb1fb3f28afab01b467f59025ff,0,0.0,0,0.0,0,1,exp_003,0,0.0,1,0,0.0,0,,31196053504.0,7.198277062011169,,98.92007953007804,331.70211908314377,333.2302625409793,331.70211908314377,1,Q8_0,,0.5,0,0.0,1,0,calibrated.v1,0.0,32768,data/tasks/core.v002.jsonl,7631adc23aab29b0a1b06fae51267a940aa9f86d58dbe830724a3a2bc8703512,task.literal.000002,literal_retrieval,q8_0,Q8_0
0.0,0.0,0.499755859375,1.0,1,1,6cb70620c7811dce01e1a622fe0a4f9ac445e31c569640c36ecfac85c4609b6c,29047084256,artifacts/q8_0.gguf,1,1,q8_0:ctx032768:p050,task.literal.000003:baseline:ctx032768:p050:seed1047,5cccaeb45825882b9a4074d58c5299e48aad754d3528f4b6cf384a6b0c2034c9,0,0.0,0,0.0,0,1,exp_003,0,0.0,1,0,0.0,0,,31199051776.0,7.198020276790233,,98.53177633811987,333.01947066700086,334.1308873749804,333.01947066700086,1,Q8_0,,0.5,0,0.0,1,0,calibrated.v1,0.0,32768,data/tasks/core.v002.jsonl,7631adc23aab29b0a1b06fae51267a940aa9f86d58dbe830724a3a2bc8703512,task.literal.000003,literal_retrieval,q8_0,Q8_0
1.0,-1.0,0.49981689453125,1.0,1,1,6cb70620c7811dce01e1a622fe0a4f9ac445e31c569640c36ecfac85c4609b6c,29047084256,artifacts/q8_0.gguf,1,1,q8_0:ctx032768:p050,task.literal.000004:baseline:ctx032768:p050:seed1048,2cf85603037a97818c3c16683a33a0b5a6270de056bd4e780c00c8826c93af44,1,1.0,0,1.0,1,1,exp_003,0,0.0,1,1,1.0,0,,31202082816.0,7.189814082195609,,98.36619045820224,333.5597307079006,334.5333302919753,333.5597307079006,1,Q8_0,,0.5,0,1.0,1,0,calibrated.v1,0.0,32768,data/tasks/core.v002.jsonl,7631adc23aab29b0a1b06fae51267a940aa9f86d58dbe830724a3a2bc8703512,task.literal.000004,literal_retrieval,q8_0,Q8_0
1.0,0.0,0.499786376953125,1.0,1,1,6cb70620c7811dce01e1a622fe0a4f9ac445e31c569640c36ecfac85c4609b6c,29047084256,artifacts/q8_0.gguf,1,1,q8_0:ctx032768:p050,task.literal.000005:baseline:ctx032768:p050:seed1049,4993cf1f7eb0ea1092af78f5c03bd1ddf50995569e807223612e7c1533ae6eb8,1,1.0,0,1.0,1,1,exp_003,0,0.0,1,1,1.0,0,,31205081088.0,7.1987502968187185,,98.18782719913943,334.13510549999774,335.24640950001776,334.13510549999774,1,Q8_0,0.0,0.5,0,1.0,1,0,calibrated.v1,1.0,32768,data/tasks/core.v002.jsonl,7631adc23aab29b0a1b06fae51267a940aa9f86d58dbe830724a3a2bc8703512,task.literal.000005,literal_retrieval,q8_0,Q8_0
1.0,-1.0,0.499755859375,1.0,1,1,6cb70620c7811dce01e1a622fe0a4f9ac445e31c569640c36ecfac85c4609b6c,29047084256,artifacts/q8_0.gguf,1,1,q8_0:ctx032768:p050,task.literal.000006:baseline:ctx032768:p050:seed1050,13d50f61ad18ac87766de8106f1a6ee7cbb9bd5ba3b5fff76dffc68c88dc0951,1,1.0,0,1.0,1,1,exp_003,0,0.0,1,1,1.0,0,,31208095744.0,7.185283920769301,,98.15795239006229,334.246988666011,335.221202082932,334.246988666011,1,Q8_0,,0.5,0,1.0,1,0,calibrated.v1,0.0,32768,data/tasks/core.v002.jsonl,7631adc23aab29b0a1b06fae51267a940aa9f86d58dbe830724a3a2bc8703512,task.literal.000006,literal_retrieval,q8_0,Q8_0
1.0,-1.0,0.499755859375,1.0,1,1,6cb70620c7811dce01e1a622fe0a4f9ac445e31c569640c36ecfac85c4609b6c,29047084256,artifacts/q8_0.gguf,1,1,q8_0:ctx032768:p050,task.literal.000007:baseline:ctx032768:p050:seed1051,87e66bfc47216558999038dd3ce9d2626cfa57f5a7562a701fb164acf862c2bf,1,1.0,0,1.0,1,1,exp_003,0,0.0,1,1,1.0,0,,31211094016.0,7.197832423953561,,98.12479903357415,334.38030266715214,335.35281766718253,334.38030266715214,1,Q8_0,,0.5,0,1.0,1,0,calibrated.v1,0.0,32768,data/tasks/core.v002.jsonl,7631adc23aab29b0a1b06fae51267a940aa9f86d58dbe830724a3a2bc8703512,task.literal.000007,literal_retrieval,q8_0,Q8_0
0.0,0.0,0.49981689453125,1.0,1,1,6cb70620c7811dce01e1a622fe0a4f9ac445e31c569640c36ecfac85c4609b6c,29047084256,artifacts/q8_0.gguf,1,1,q8_0:ctx032768:p050,task.literal.000008:baseline:ctx032768:p050:seed1052,1783d581a622e8edc14952479a5bb84c743aceef0a29e5b0e231b8c717985b3b,0,0.0,0,0.0,0,1,exp_003,0,0.0,1,0,0.0,0,,31214092288.0,7.1794893942735,,97.98286898337241,334.8442471669987,336.09781820885837,334.8442471669987,1,Q8_0,,0.5,0,0.0,1,0,calibrated.v1,0.0,32768,data/tasks/core.v002.jsonl,7631adc23aab29b0a1b06fae51267a940aa9f86d58dbe830724a3a2bc8703512,task.literal.000008,literal_retrieval,q8_0,Q8_0
1.0,0.0,0.499786376953125,1.0,1,1,6cb70620c7811dce01e1a622fe0a4f9ac445e31c569640c36ecfac85c4609b6c,29047084256,artifacts/q8_0.gguf,1,1,q8_0:ctx032768:p050,task.literal.000009:baseline:ctx032768:p050:seed1053,4c64d4ecd3b6f13d8465ee8e13c14fbc4fb4673651b798d12a3bfd7e7b6df5aa,1,1.0,0,1.0,1,1,exp_003,0,0.0,1,1,1.0,0,,31217090560.0,7.191700465215186,,98.00602077121977,334.785554416012,335.7588986249175,334.785554416012,1,Q8_0,0.0,0.5,0,1.0,1,0,calibrated.v1,1.0,32768,data/tasks/core.v002.jsonl,7631adc23aab29b0a1b06fae51267a940aa9f86d58dbe830724a3a2bc8703512,task.literal.000009,literal_retrieval,q8_0,Q8_0
1.0,-1.0,0.499786376953125,1.0,1,1,6cb70620c7811dce01e1a622fe0a4f9ac445e31c569640c36ecfac85c4609b6c,29047084256,artifacts/q8_0.gguf,1,1,q8_0:ctx032768:p050,task.literal.000010:baseline:ctx032768:p050:seed1054,94b9e611ce001b7da27e96810d762d07ef3dfce98e87937d8adc5ae7905ab322,1,1.0,0,1.0,1,1,exp_003,0,0.0,1,1,1.0,0,,31220088832.0,7.193557963478199,,97.86350618272024,335.2628704998642,336.23596337484196,335.2628704998642,1,Q8_0,,0.5,0,1.0,1,0,calibrated.v1,0.0,32768,data/tasks/core.v002.jsonl,7631adc23aab29b0a1b06fae51267a940aa9f86d58dbe830724a3a2bc8703512,task.literal.000010,literal_retrieval,q8_0,Q8_0
1.0,0.0,0.4991861979166667,1.0,1,1,6cb70620c7811dce01e1a622fe0a4f9ac445e31c569640c36ecfac85c4609b6c,29047084256,artifacts/q8_0.gguf,1,1,q8_0:ctx008192:p050,task.multihop.000001:baseline:ctx008192:p050:seed1045,cc1943a6dd8761c310c66f4aafc910b02b1a98c5b906cd30e92fa5519fb2ced5,1,1.0,0,1.0,1,1,exp_003,0,0.0,1,1,1.0,0,,31182700544.0,8.082970072137496,,112.18718206594718,73.45758979092352,74.07617429085076,73.45758979092352,1,Q8_0,0.0,0.5,0,1.0,1,0,calibrated.v1,1.0,8192,data/tasks/core.v002.jsonl,7631adc23aab29b0a1b06fae51267a940aa9f86d58dbe830724a3a2bc8703512,task.multihop.000001,multi_hop,q8_0,Q8_0
1.0,0.0,0.4991861979166667,1.0,1,1,6cb70620c7811dce01e1a622fe0a4f9ac445e31c569640c36ecfac85c4609b6c,29047084256,artifacts/q8_0.gguf,1,1,q8_0:ctx008192:p050,task.multihop.000002:baseline:ctx008192:p050:seed1064,0f316793be3f09d950071dcfea213d37600b9102f079b50650ba5f64ef262b62,1,1.0,0,1.0,1,1,exp_003,0,0.0,1,1,1.0,0,,31185731584.0,8.101001131417632,,112.4075029365828,73.31361150019802,73.93081916612573,73.31361150019802,1,Q8_0,0.0,0.5,0,1.0,1,0,calibrated.v1,1.0,8192,data/tasks/core.v002.jsonl,7631adc23aab29b0a1b06fae51267a940aa9f86d58dbe830724a3a2bc8703512,task.multihop.000002,multi_hop,q8_0,Q8_0
0.0,0.0,0.4991861979166667,1.0,1,1,6cb70620c7811dce01e1a622fe0a4f9ac445e31c569640c36ecfac85c4609b6c,29047084256,artifacts/q8_0.gguf,1,1,q8_0:ctx008192:p050,task.multihop.000003:baseline:ctx008192:p050:seed1065,83283f53cc0eaae884b8a5890d50fd2c880123a581f45733212c6ba4b23d0cf6,0,0.0,0,0.0,0,1,exp_003,0,0.0,1,0,0.0,0,,31188729856.0,8.096395293393018,,112.32800649755265,73.33878929098137,74.20337158301845,73.33878929098137,1,Q8_0,,0.5,0,0.0,1,0,calibrated.v1,0.0,8192,data/tasks/core.v002.jsonl,7631adc23aab29b0a1b06fae51267a940aa9f86d58dbe830724a3a2bc8703512,task.multihop.000003,multi_hop,q8_0,Q8_0
1.0,0.0,0.4992268880208333,1.0,1,1,6cb70620c7811dce01e1a622fe0a4f9ac445e31c569640c36ecfac85c4609b6c,29047084256,artifacts/q8_0.gguf,1,1,q8_0:ctx008192:p050,task.multihop.000004:baseline:ctx008192:p050:seed1066,ac32879fdf43e51ccebcbe2024875608ad1ec4d79c75a8db4696f61d143cc27f,1,1.0,0,1.0,1,1,exp_003,0,0.0,1,1,1.0,0,,31191728128.0,8.094218046176694,,112.29652403419963,73.34153991704807,74.08280979213305,73.34153991704807,1,Q8_0,0.0,0.5,0,1.0,1,0,calibrated.v1,1.0,8192,data/tasks/core.v002.jsonl,7631adc23aab29b0a1b06fae51267a940aa9f86d58dbe830724a3a2bc8703512,task.multihop.000004,multi_hop,q8_0,Q8_0
1.0,0.0,0.499267578125,1.0,1,1,6cb70620c7811dce01e1a622fe0a4f9ac445e31c569640c36ecfac85c4609b6c,29047084256,artifacts/q8_0.gguf,1,1,q8_0:ctx008192:p050,task.multihop.000005:baseline:ctx008192:p050:seed1067,1c5430327c4aafc6c1ef81da12f6a8a33ef39c7da94ea3f75274d9308c1c08ee,1,1.0,0,1.0,1,1,exp_003,0,0.0,1,1,1.0,0,,31194726400.0,8.089754741393985,,112.31308942976257,73.34852991602384,73.96659562503919,73.34852991602384,1,Q8_0,0.0,0.5,0,1.0,1,0,calibrated.v1,1.0,8192,data/tasks/core.v002.jsonl,7631adc23aab29b0a1b06fae51267a940aa9f86d58dbe830724a3a2bc8703512,task.multihop.000005,multi_hop,q8_0,Q8_0
0.0,0.0,0.499267578125,1.0,1,1,6cb70620c7811dce01e1a622fe0a4f9ac445e31c569640c36ecfac85c4609b6c,29047084256,artifacts/q8_0.gguf,1,1,q8_0:ctx008192:p050,task.multihop.000006:baseline:ctx008192:p050:seed1068,c877c22cfc649b447c19e6bd039752e569ea37362d8a9098f832fbf2fb67be82,0,0.0,0,0.0,0,1,exp_003,0,0.0,1,0,0.0,0,,31197741056.0,8.097735777403775,,112.22920437536635,73.38553316704929,74.49695495795459,73.38553316704929,1,Q8_0,,0.5,0,0.0,1,0,calibrated.v1,0.0,8192,data/tasks/core.v002.jsonl,7631adc23aab29b0a1b06fae51267a940aa9f86d58dbe830724a3a2bc8703512,task.multihop.000006,multi_hop,q8_0,Q8_0
1.0,0.0,0.4991861979166667,1.0,1,1,6cb70620c7811dce01e1a622fe0a4f9ac445e31c569640c36ecfac85c4609b6c,29047084256,artifacts/q8_0.gguf,1,1,q8_0:ctx008192:p050,task.multihop.000007:baseline:ctx008192:p050:seed1069,41d97215032c5e04265ba4226f828b1835b6a9792e5ae3203289e122fc15a232,1,1.0,0,1.0,1,1,exp_003,0,0.0,1,1,1.0,0,,31200739328.0,8.064441872609986,,112.38065092843678,73.31333225010894,73.93333795899525,73.31333225010894,1,Q8_0,0.0,0.5,0,1.0,1,0,calibrated.v1,1.0,8192,data/tasks/core.v002.jsonl,7631adc23aab29b0a1b06fae51267a940aa9f86d58dbe830724a3a2bc8703512,task.multihop.000007,multi_hop,q8_0,Q8_0
1.0,0.0,0.4992268880208333,1.0,1,1,6cb70620c7811dce01e1a622fe0a4f9ac445e31c569640c36ecfac85c4609b6c,29047084256,artifacts/q8_0.gguf,1,1,q8_0:ctx008192:p050,task.multihop.000008:baseline:ctx008192:p050:seed1070,3c8a8613c0ec86e4620f4d0139d9c60f78662166154ba476bff97e3fe5ce96de,1,1.0,0,1.0,1,1,exp_003,0,0.0,1,1,1.0,0,,31167938560.0,8.151600287965302,,117.57138635116416,70.07657437492162,70.81262616696768,70.07657437492162,1,Q8_0,0.0,0.5,0,1.0,1,0,calibrated.v1,1.0,8192,data/tasks/core.v002.jsonl,7631adc23aab29b0a1b06fae51267a940aa9f86d58dbe830724a3a2bc8703512,task.multihop.000008,multi_hop,q8_0,Q8_0
1.0,0.0,0.4990234375,1.0,1,1,6cb70620c7811dce01e1a622fe0a4f9ac445e31c569640c36ecfac85c4609b6c,29047084256,artifacts/q8_0.gguf,1,1,q8_0:ctx008192:p050,task.multihop.000009:baseline:ctx008192:p050:seed1071,57b7b59c1de63afdc091a7d254420df0f3ce7b7687905e1cfbcc93e373f55008,1,1.0,0,1.0,1,1,exp_003,0,0.0,1,1,1.0,0,,31171395584.0,8.11392526353414,,112.96167451049077,72.9185366248712,73.90449591586366,72.9185366248712,1,Q8_0,0.0,0.5,0,1.0,1,0,calibrated.v1,1.0,8192,data/tasks/core.v002.jsonl,7631adc23aab29b0a1b06fae51267a940aa9f86d58dbe830724a3a2bc8703512,task.multihop.000009,multi_hop,q8_0,Q8_0
1.0,0.0,0.4989827473958333,1.0,1,1,6cb70620c7811dce01e1a622fe0a4f9ac445e31c569640c36ecfac85c4609b6c,29047084256,artifacts/q8_0.gguf,1,1,q8_0:ctx008192:p050,task.multihop.000010:baseline:ctx008192:p050:seed1072,ec4d55c8ce490f4edfb0b37ad3cd665af700f7c3e0fbeb4d3c34d4d00d927cbb,1,1.0,0,1.0,1,1,exp_003,0,0.0,1,1,1.0,0,,31174393856.0,8.147952467560433,,113.29279242659501,72.74072624999098,73.59983779094182,72.74072624999098,1,Q8_0,0.0,0.5,0,1.0,1,0,calibrated.v1,1.0,8192,data/tasks/core.v002.jsonl,7631adc23aab29b0a1b06fae51267a940aa9f86d58dbe830724a3a2bc8703512,task.multihop.000010,multi_hop,q8_0,Q8_0
1.0,0.0,0.4997965494791667,1.0,1,1,6cb70620c7811dce01e1a622fe0a4f9ac445e31c569640c36ecfac85c4609b6c,29047084256,artifacts/q8_0.gguf,1,1,q8_0:ctx032768:p050,task.multihop.000001:baseline:ctx032768:p050:seed1045,f9fe2ed3ecf12b5dd074e7adc2f7c00650db03b93d5413a654d44a1cb00b6c9a,1,1.0,0,1.0,1,1,exp_003,0,0.0,1,1,1.0,0,,31238062080.0,7.180969284529456,,97.48090663360007,336.65054145781323,337.3468262909446,336.65054145781323,1,Q8_0,0.0,0.5,0,1.0,1,0,calibrated.v1,1.0,32768,data/tasks/core.v002.jsonl,7631adc23aab29b0a1b06fae51267a940aa9f86d58dbe830724a3a2bc8703512,task.multihop.000001,multi_hop,q8_0,Q8_0
1.0,0.0,0.4997965494791667,1.0,1,1,6cb70620c7811dce01e1a622fe0a4f9ac445e31c569640c36ecfac85c4609b6c,29047084256,artifacts/q8_0.gguf,1,1,q8_0:ctx032768:p050,task.multihop.000002:baseline:ctx032768:p050:seed1064,7c72b660a8e9327d38492b3a1621689838ba7f25bddfa2704de07f5556e528c3,1,1.0,0,1.0,1,1,exp_003,0,0.0,1,1,1.0,0,,31238078464.0,7.15184249264015,,97.4594090494357,336.7247997918166,337.42392033385113,336.7247997918166,1,Q8_0,0.0,0.5,0,1.0,1,0,calibrated.v1,1.0,32768,data/tasks/core.v002.jsonl,7631adc23aab29b0a1b06fae51267a940aa9f86d58dbe830724a3a2bc8703512,task.multihop.000002,multi_hop,q8_0,Q8_0
1.0,-1.0,0.4997965494791667,1.0,1,1,6cb70620c7811dce01e1a622fe0a4f9ac445e31c569640c36ecfac85c4609b6c,29047084256,artifacts/q8_0.gguf,1,1,q8_0:ctx032768:p050,task.multihop.000003:baseline:ctx032768:p050:seed1065,06ae7599346fa52e818dd4ef7c335f9e20cc87a42ff175ac7dca41c8370564c7,1,1.0,0,1.0,1,1,exp_003,0,0.0,1,1,1.0,0,,31238094848.0,7.159553816715973,,97.14466313876797,337.78489666618407,338.4832642080728,337.78489666618407,1,Q8_0,,0.5,0,1.0,1,0,calibrated.v1,0.0,32768,data/tasks/core.v002.jsonl,7631adc23aab29b0a1b06fae51267a940aa9f86d58dbe830724a3a2bc8703512,task.multihop.000003,multi_hop,q8_0,Q8_0
1.0,0.0,0.4998067220052083,1.0,1,1,6cb70620c7811dce01e1a622fe0a4f9ac445e31c569640c36ecfac85c4609b6c,29047084256,artifacts/q8_0.gguf,1,1,q8_0:ctx032768:p050,task.multihop.000004:baseline:ctx032768:p050:seed1066,6f302d57316dc8acc4f93967d2f81c69d4fce2342142c30bb9b81be655f75697,1,1.0,0,1.0,1,1,exp_003,0,0.0,1,1,1.0,0,,31238094848.0,7.16329136168484,,97.09581132421611,337.9342481668573,338.77185195777565,337.9342481668573,1,Q8_0,0.0,0.5,0,1.0,1,0,calibrated.v1,1.0,32768,data/tasks/core.v002.jsonl,7631adc23aab29b0a1b06fae51267a940aa9f86d58dbe830724a3a2bc8703512,task.multihop.000004,multi_hop,q8_0,Q8_0
1.0,0.0,0.49981689453125,1.0,1,1,6cb70620c7811dce01e1a622fe0a4f9ac445e31c569640c36ecfac85c4609b6c,29047084256,artifacts/q8_0.gguf,1,1,q8_0:ctx032768:p050,task.multihop.000005:baseline:ctx032768:p050:seed1067,fdac683d1441c7620a97a75db3cabbbfbd2727fdff76e7f8a949fd633c13dc4b,1,1.0,0,1.0,1,1,exp_003,0,0.0,1,1,1.0,0,,31240994816.0,7.148376281081752,,97.29340560696896,337.26849004090764,337.9679495829623,337.26849004090764,1,Q8_0,0.0,0.5,0,1.0,1,0,calibrated.v1,1.0,32768,data/tasks/core.v002.jsonl,7631adc23aab29b0a1b06fae51267a940aa9f86d58dbe830724a3a2bc8703512,task.multihop.000005,multi_hop,q8_0,Q8_0
1.0,-1.0,0.49981689453125,1.0,1,1,6cb70620c7811dce01e1a622fe0a4f9ac445e31c569640c36ecfac85c4609b6c,29047084256,artifacts/q8_0.gguf,1,1,q8_0:ctx032768:p050,task.multihop.000006:baseline:ctx032768:p050:seed1068,3c3c7196f6670d40d722cb9d40a9ab28b8e72b752f8e313647bef9ecda8a547d,1,1.0,0,1.0,1,1,exp_003,0,0.0,1,1,1.0,0,,31241027584.0,7.1769776932484195,,97.21915646458565,337.50549987494014,338.2021719580516,337.50549987494014,1,Q8_0,,0.5,0,1.0,1,0,calibrated.v1,0.0,32768,data/tasks/core.v002.jsonl,7631adc23aab29b0a1b06fae51267a940aa9f86d58dbe830724a3a2bc8703512,task.multihop.000006,multi_hop,q8_0,Q8_0
1.0,0.0,0.4997965494791667,1.0,1,1,6cb70620c7811dce01e1a622fe0a4f9ac445e31c569640c36ecfac85c4609b6c,29047084256,artifacts/q8_0.gguf,1,1,q8_0:ctx032768:p050,task.multihop.000007:baseline:ctx032768:p050:seed1069,a85e4d8aaaa959054769682b188dc2be10debe06630a99b6e9dfe249d40aeda5,1,1.0,0,1.0,1,1,exp_003,0,0.0,1,1,1.0,0,,31241027584.0,7.1798998769564415,,97.18202381538863,337.6653285420034,338.3617170830257,337.6653285420034,1,Q8_0,0.0,0.5,0,1.0,1,0,calibrated.v1,1.0,32768,data/tasks/core.v002.jsonl,7631adc23aab29b0a1b06fae51267a940aa9f86d58dbe830724a3a2bc8703512,task.multihop.000007,multi_hop,q8_0,Q8_0
0.0,1.0,0.4998067220052083,1.0,1,1,6cb70620c7811dce01e1a622fe0a4f9ac445e31c569640c36ecfac85c4609b6c,29047084256,artifacts/q8_0.gguf,1,1,q8_0:ctx032768:p050,task.multihop.000008:baseline:ctx032768:p050:seed1070,9fdaffba8a508a7cebdf6a3bcdeee1ce2163b9b530cc39e9e7625b6d10e1cf36,0,0.0,0,0.0,0,1,exp_003,0,0.0,1,0,0.0,0,,31241027584.0,7.191622720151331,,97.05316541959118,338.11364995804615,339.3651060410775,338.11364995804615,1,Q8_0,1.0,0.5,0,0.0,1,0,calibrated.v1,1.0,32768,data/tasks/core.v002.jsonl,7631adc23aab29b0a1b06fae51267a940aa9f86d58dbe830724a3a2bc8703512,task.multihop.000008,multi_hop,q8_0,Q8_0
1.0,0.0,0.4997355143229167,1.0,1,1,6cb70620c7811dce01e1a622fe0a4f9ac445e31c569640c36ecfac85c4609b6c,29047084256,artifacts/q8_0.gguf,1,1,q8_0:ctx032768:p050,task.multihop.000009:baseline:ctx032768:p050:seed1071,fb232a75f3b7bc99096dd40d7ceeb4340af9dbfef289aef4e04008c7e78e3cae,1,1.0,0,1.0,1,1,exp_003,0,0.0,1,1,1.0,0,,31241027584.0,7.187406496759045,,97.04391222079788,338.1252800829243,339.2383380411193,338.1252800829243,1,Q8_0,0.0,0.5,0,1.0,1,0,calibrated.v1,1.0,32768,data/tasks/core.v002.jsonl,7631adc23aab29b0a1b06fae51267a940aa9f86d58dbe830724a3a2bc8703512,task.multihop.000009,multi_hop,q8_0,Q8_0
1.0,0.0,0.4997660319010417,1.0,1,1,6cb70620c7811dce01e1a622fe0a4f9ac445e31c569640c36ecfac85c4609b6c,29047084256,artifacts/q8_0.gguf,1,1,q8_0:ctx032768:p050,task.multihop.000010:baseline:ctx032768:p050:seed1072,1effdf2f7bd5c18544a015548d7e1fa2d09783efde5b7e9b14e04841abbf178b,1,1.0,0,1.0,1,1,exp_003,0,0.0,1,1,1.0,0,,31241043968.0,7.196586765205877,,97.11507410281826,337.91870420915075,338.8913875420112,337.91870420915075,1,Q8_0,0.0,0.5,0,1.0,1,0,calibrated.v1,1.0,32768,data/tasks/core.v002.jsonl,7631adc23aab29b0a1b06fae51267a940aa9f86d58dbe830724a3a2bc8703512,task.multihop.000010,multi_hop,q8_0,Q8_0
0.0,0.0,0.499267578125,1.0,1,1,6cb70620c7811dce01e1a622fe0a4f9ac445e31c569640c36ecfac85c4609b6c,29047084256,artifacts/q8_0.gguf,1,1,q8_0:ctx008192:p050,task.semantic.000001:baseline:ctx008192:p050:seed1044,ce8fe935e6eced6d613062fc72d1613004e117a6c7286d839af96777b6e71d9f,0,0.0,0,0.0,0,1,exp_003,0,0.0,1,1,1.0,0,,31152766976.0,8.087912003261641,,112.21646964166712,73.3582158330828,74.10006366693415,73.3582158330828,1,Q8_0,,0.5,0,0.0,1,0,calibrated.v1,0.0,8192,data/tasks/core.v002.jsonl,7631adc23aab29b0a1b06fae51267a940aa9f86d58dbe830724a3a2bc8703512,task.semantic.000001,semantic_retrieval,q8_0,Q8_0
0.0,0.0,0.4990234375,1.0,1,1,6cb70620c7811dce01e1a622fe0a4f9ac445e31c569640c36ecfac85c4609b6c,29047084256,artifacts/q8_0.gguf,1,1,q8_0:ctx008192:p050,task.semantic.000002:baseline:ctx008192:p050:seed1055,242adbfd4f66cb6c97187c977b7b2acc7036dad2cfdf06ed4d5cfe744a1b14a1,0,0.0,0,0.0,0,1,exp_003,0,0.0,1,1,1.0,0,,31155748864.0,8.098453810401232,,112.19832612858636,73.36116575007327,74.1020479160361,73.36116575007327,1,Q8_0,,0.5,0,0.0,1,0,calibrated.v1,0.0,8192,data/tasks/core.v002.jsonl,7631adc23aab29b0a1b06fae51267a940aa9f86d58dbe830724a3a2bc8703512,task.semantic.000002,semantic_retrieval,q8_0,Q8_0
0.0,0.0,0.499267578125,1.0,1,1,6cb70620c7811dce01e1a622fe0a4f9ac445e31c569640c36ecfac85c4609b6c,29047084256,artifacts/q8_0.gguf,1,1,q8_0:ctx008192:p050,task.semantic.000003:baseline:ctx008192:p050:seed1056,cf2e50c5b26687b0e8349cdffaae7c80cb81fb679e4c703893b5dc93954eb227,0,0.0,0,0.0,0,1,exp_003,0,0.0,1,0,0.0,0,,31158730752.0,8.23579236595544,,112.14271330191201,73.43321520881727,81.2041736249812,73.43321520881727,1,Q8_0,,0.5,0,0.0,1,0,calibrated.v1,0.0,8192,data/tasks/core.v002.jsonl,7631adc23aab29b0a1b06fae51267a940aa9f86d58dbe830724a3a2bc8703512,task.semantic.000003,semantic_retrieval,q8_0,Q8_0
0.0,0.0,0.4993896484375,1.0,1,1,6cb70620c7811dce01e1a622fe0a4f9ac445e31c569640c36ecfac85c4609b6c,29047084256,artifacts/q8_0.gguf,1,1,q8_0:ctx008192:p050,task.semantic.000004:baseline:ctx008192:p050:seed1057,a1558bfa97785bc75ba9554d601ff2a1f6a986b0e745c95795249b34a5b82ae1,0,0.0,0,0.0,0,1,exp_003,0,0.0,1,1,1.0,0,,31161729024.0,8.05263943046628,,112.75713513141946,73.01533504202962,73.51206658384763,73.01533504202962,1,Q8_0,,0.5,0,0.0,1,0,calibrated.v1,0.0,8192,data/tasks/core.v002.jsonl,7631adc23aab29b0a1b06fae51267a940aa9f86d58dbe830724a3a2bc8703512,task.semantic.000004,semantic_retrieval,q8_0,Q8_0
1.0,0.0,0.499267578125,1.0,1,1,6cb70620c7811dce01e1a622fe0a4f9ac445e31c569640c36ecfac85c4609b6c,29047084256,artifacts/q8_0.gguf,1,1,q8_0:ctx008192:p050,task.semantic.000005:baseline:ctx008192:p050:seed1058,cce2bf1e2d86f62a11e90cdac85a8fc53959319f0c90c243603a83e1fa667b78,1,1.0,0,1.0,1,1,exp_003,0,0.0,1,1,1.0,0,,31164710912.0,8.049082630142184,,112.18927158212584,73.38491358305328,73.88186462502927,73.38491358305328,1,Q8_0,0.0,0.5,0,1.0,1,0,calibrated.v1,1.0,8192,data/tasks/core.v002.jsonl,7631adc23aab29b0a1b06fae51267a940aa9f86d58dbe830724a3a2bc8703512,task.semantic.000005,semantic_retrieval,q8_0,Q8_0
1.0,0.0,0.4990234375,1.0,1,1,6cb70620c7811dce01e1a622fe0a4f9ac445e31c569640c36ecfac85c4609b6c,29047084256,artifacts/q8_0.gguf,1,1,q8_0:ctx008192:p050,task.semantic.000006:baseline:ctx008192:p050:seed1059,04233973a07cfafa5b48be9d6d55ed8ce82d6c67526e4f09cfa39d428b36ee42,1,1.0,0,1.0,1,1,exp_003,0,0.0,1,1,1.0,0,,31167692800.0,8.066165673896595,,112.224716780449,73.37064629094675,73.99051949987188,73.37064629094675,1,Q8_0,0.0,0.5,0,1.0,1,0,calibrated.v1,1.0,8192,data/tasks/core.v002.jsonl,7631adc23aab29b0a1b06fae51267a940aa9f86d58dbe830724a3a2bc8703512,task.semantic.000006,semantic_retrieval,q8_0,Q8_0
1.0,0.0,0.499267578125,1.0,1,1,6cb70620c7811dce01e1a622fe0a4f9ac445e31c569640c36ecfac85c4609b6c,29047084256,artifacts/q8_0.gguf,1,1,q8_0:ctx008192:p050,task.semantic.000007:baseline:ctx008192:p050:seed1060,073ccd724a7db9fb5eb2b07f992af492ab4220f2759a0006994a2728ffbdaa1d,1,1.0,0,1.0,1,1,exp_003,0,0.0,1,1,1.0,0,,31170691072.0,8.049059016575498,,112.25242157876701,73.34362933295779,73.71634370787069,73.34362933295779,1,Q8_0,0.0,0.5,0,1.0,1,0,calibrated.v1,1.0,8192,data/tasks/core.v002.jsonl,7631adc23aab29b0a1b06fae51267a940aa9f86d58dbe830724a3a2bc8703512,task.semantic.000007,semantic_retrieval,q8_0,Q8_0
0.0,0.0,0.499267578125,1.0,1,1,6cb70620c7811dce01e1a622fe0a4f9ac445e31c569640c36ecfac85c4609b6c,29047084256,artifacts/q8_0.gguf,1,1,q8_0:ctx008192:p050,task.semantic.000008:baseline:ctx008192:p050:seed1061,1d526937b3af25c39fd321c2b4f2122093ab3c72468bc43ef680aa540af1c4a1,0,0.0,0,0.0,0,1,exp_003,0,0.0,1,1,1.0,0,,31173689344.0,8.082085245907875,,112.06526557712556,73.43934766598977,74.18173033301719,73.43934766598977,1,Q8_0,,0.5,0,0.0,1,0,calibrated.v1,0.0,8192,data/tasks/core.v002.jsonl,7631adc23aab29b0a1b06fae51267a940aa9f86d58dbe830724a3a2bc8703512,task.semantic.000008,semantic_retrieval,q8_0,Q8_0
0.0,0.0,0.4993896484375,1.0,1,1,6cb70620c7811dce01e1a622fe0a4f9ac445e31c569640c36ecfac85c4609b6c,29047084256,artifacts/q8_0.gguf,1,1,q8_0:ctx008192:p050,task.semantic.000009:baseline:ctx008192:p050:seed1062,ffa5dfdd51684a596111c62e7f334d0266e94d2a47380b9faeb9e033bf75d6aa,0,0.0,0,0.0,0,1,exp_003,0,0.0,1,1,1.0,0,,31176704000.0,8.080754357013417,,112.2030194687567,73.36700954195112,73.8620128328912,73.36700954195112,1,Q8_0,,0.5,0,0.0,1,0,calibrated.v1,0.0,8192,data/tasks/core.v002.jsonl,7631adc23aab29b0a1b06fae51267a940aa9f86d58dbe830724a3a2bc8703512,task.semantic.000009,semantic_retrieval,q8_0,Q8_0
1.0,0.0,0.499267578125,1.0,1,1,6cb70620c7811dce01e1a622fe0a4f9ac445e31c569640c36ecfac85c4609b6c,29047084256,artifacts/q8_0.gguf,1,1,q8_0:ctx008192:p050,task.semantic.000010:baseline:ctx008192:p050:seed1063,4d5854eae06a13a502f07c8055c070dff354a17a0f311c2d67721c1d07f59059,1,1.0,0,1.0,1,1,exp_003,0,0.0,1,1,1.0,0,,31179702272.0,8.076940939777783,,112.24779409033636,73.35556183289737,73.72698958287947,73.35556183289737,1,Q8_0,0.0,0.5,0,1.0,1,0,calibrated.v1,1.0,8192,data/tasks/core.v002.jsonl,7631adc23aab29b0a1b06fae51267a940aa9f86d58dbe830724a3a2bc8703512,task.semantic.000010,semantic_retrieval,q8_0,Q8_0
0.0,0.0,0.49981689453125,1.0,1,1,6cb70620c7811dce01e1a622fe0a4f9ac445e31c569640c36ecfac85c4609b6c,29047084256,artifacts/q8_0.gguf,1,1,q8_0:ctx032768:p050,task.semantic.000001:baseline:ctx032768:p050:seed1044,455fc4e84073472ef3496c4fdfbe9dfe18694d5120e7fe3d9b2b6290011dec07,0,0.0,0,0.0,0,1,exp_003,0,0.0,1,1,1.0,0,,31223087104.0,7.177187314049866,,97.8355113886892,335.33836062508635,336.17434270796366,335.33836062508635,1,Q8_0,,0.5,0,0.0,1,0,calibrated.v1,0.0,32768,data/tasks/core.v002.jsonl,7631adc23aab29b0a1b06fae51267a940aa9f86d58dbe830724a3a2bc8703512,task.semantic.000001,semantic_retrieval,q8_0,Q8_0
0.0,0.0,0.499755859375,1.0,1,1,6cb70620c7811dce01e1a622fe0a4f9ac445e31c569640c36ecfac85c4609b6c,29047084256,artifacts/q8_0.gguf,1,1,q8_0:ctx032768:p050,task.semantic.000002:baseline:ctx032768:p050:seed1055,455c1193040121c1a9ca57f2bb396d6a3392be15becf87a0ca8fb909beaf643e,0,0.0,0,0.0,0,1,exp_003,0,0.0,1,1,1.0,0,,31226085376.0,7.1884937331583165,,97.75236988009225,335.61334666609764,336.448013874935,335.61334666609764,1,Q8_0,,0.5,0,0.0,1,0,calibrated.v1,0.0,32768,data/tasks/core.v002.jsonl,7631adc23aab29b0a1b06fae51267a940aa9f86d58dbe830724a3a2bc8703512,task.semantic.000002,semantic_retrieval,q8_0,Q8_0
0.0,0.0,0.49981689453125,1.0,1,1,6cb70620c7811dce01e1a622fe0a4f9ac445e31c569640c36ecfac85c4609b6c,29047084256,artifacts/q8_0.gguf,1,1,q8_0:ctx032768:p050,task.semantic.000003:baseline:ctx032768:p050:seed1056,27e0f3126fce553c91cf11df5e4d629746c71962ec1f9de1828afec72a5aefb1,0,0.0,0,0.0,0,1,exp_003,0,0.0,1,0,0.0,0,,31229083648.0,7.304239533330557,,97.72409554631619,335.75138062494807,344.5134152909741,335.75138062494807,1,Q8_0,,0.5,0,0.0,1,0,calibrated.v1,0.0,32768,data/tasks/core.v002.jsonl,7631adc23aab29b0a1b06fae51267a940aa9f86d58dbe830724a3a2bc8703512,task.semantic.000003,semantic_retrieval,q8_0,Q8_0
0.0,0.0,0.499847412109375,1.0,1,1,6cb70620c7811dce01e1a622fe0a4f9ac445e31c569640c36ecfac85c4609b6c,29047084256,artifacts/q8_0.gguf,1,1,q8_0:ctx032768:p050,task.semantic.000004:baseline:ctx032768:p050:seed1057,893eaa9d06fee6e502c862b1a2bca1e618c1e767e61ca0741c132c39a98a9568,0,0.0,0,0.0,0,1,exp_003,0,0.0,1,1,1.0,0,,31232081920.0,7.172403282059454,,98.01586682296943,334.7315191249363,335.2892122499179,334.7315191249363,1,Q8_0,,0.5,0,0.0,1,0,calibrated.v1,0.0,32768,data/tasks/core.v002.jsonl,7631adc23aab29b0a1b06fae51267a940aa9f86d58dbe830724a3a2bc8703512,task.semantic.000004,semantic_retrieval,q8_0,Q8_0
0.0,1.0,0.49981689453125,1.0,1,1,6cb70620c7811dce01e1a622fe0a4f9ac445e31c569640c36ecfac85c4609b6c,29047084256,artifacts/q8_0.gguf,1,1,q8_0:ctx032768:p050,task.semantic.000005:baseline:ctx032768:p050:seed1058,ab035ea3a5135430e48111eede34f3def137f36502d8a0b62af56c68efd921f3,0,0.0,0,0.0,0,1,exp_003,0,0.0,1,0,0.0,0,,31235080192.0,7.305429029598084,,97.85624536342237,335.2775275420863,344.03813554206863,335.2775275420863,1,Q8_0,1.0,0.5,0,0.0,1,0,calibrated.v1,1.0,32768,data/tasks/core.v002.jsonl,7631adc23aab29b0a1b06fae51267a940aa9f86d58dbe830724a3a2bc8703512,task.semantic.000005,semantic_retrieval,q8_0,Q8_0
1.0,0.0,0.499755859375,1.0,1,1,6cb70620c7811dce01e1a622fe0a4f9ac445e31c569640c36ecfac85c4609b6c,29047084256,artifacts/q8_0.gguf,1,1,q8_0:ctx032768:p050,task.semantic.000006:baseline:ctx032768:p050:seed1059,5da6fa95823bb267079daa3e3c2aec7177d3abfdc0909382cb1dcab5bb865903,1,1.0,0,1.0,1,1,exp_003,0,0.0,1,1,1.0,0,,31238078464.0,7.184927024060988,,98.06680804431038,334.5678385409992,335.2637398331426,334.5678385409992,1,Q8_0,0.0,0.5,0,1.0,1,0,calibrated.v1,1.0,32768,data/tasks/core.v002.jsonl,7631adc23aab29b0a1b06fae51267a940aa9f86d58dbe830724a3a2bc8703512,task.semantic.000006,semantic_retrieval,q8_0,Q8_0
1.0,0.0,0.49981689453125,1.0,1,1,6cb70620c7811dce01e1a622fe0a4f9ac445e31c569640c36ecfac85c4609b6c,29047084256,artifacts/q8_0.gguf,1,1,q8_0:ctx032768:p050,task.semantic.000007:baseline:ctx032768:p050:seed1060,2eb9009816626081b0e971f649dec2203ebc1ed606279028f10c5b853f949048,1,1.0,0,1.0,1,1,exp_003,0,0.0,1,1,1.0,0,,31238094848.0,7.164917704073927,,97.85996719096978,335.2647762079723,335.6834830408916,335.2647762079723,1,Q8_0,0.0,0.5,0,1.0,1,0,calibrated.v1,1.0,32768,data/tasks/core.v002.jsonl,7631adc23aab29b0a1b06fae51267a940aa9f86d58dbe830724a3a2bc8703512,task.semantic.000007,semantic_retrieval,q8_0,Q8_0
0.0,0.0,0.49981689453125,1.0,1,1,6cb70620c7811dce01e1a622fe0a4f9ac445e31c569640c36ecfac85c4609b6c,29047084256,artifacts/q8_0.gguf,1,1,q8_0:ctx032768:p050,task.semantic.000008:baseline:ctx032768:p050:seed1061,1ea78fcf1a8b29d0b8b58356970df7ae0ccf3aeddc0cc1b583a76833f64fd51b,0,0.0,0,0.0,0,1,exp_003,0,0.0,1,1,1.0,0,,31238094848.0,7.200358934339266,,97.7907937952189,335.4712517079897,336.30454350006767,335.4712517079897,1,Q8_0,,0.5,0,0.0,1,0,calibrated.v1,0.0,32768,data/tasks/core.v002.jsonl,7631adc23aab29b0a1b06fae51267a940aa9f86d58dbe830724a3a2bc8703512,task.semantic.000008,semantic_retrieval,q8_0,Q8_0
0.0,0.0,0.499847412109375,1.0,1,1,6cb70620c7811dce01e1a622fe0a4f9ac445e31c569640c36ecfac85c4609b6c,29047084256,artifacts/q8_0.gguf,1,1,q8_0:ctx032768:p050,task.semantic.000009:baseline:ctx032768:p050:seed1062,de42589a4892baa52c35835b449313796599ebb55297d1078b7774d3e90ae54e,0,0.0,0,0.0,0,1,exp_003,0,0.0,1,1,1.0,0,,31238111232.0,7.185754598313672,,97.66593724843109,335.9205975420773,336.47725445893593,335.9205975420773,1,Q8_0,,0.5,0,0.0,1,0,calibrated.v1,0.0,32768,data/tasks/core.v002.jsonl,7631adc23aab29b0a1b06fae51267a940aa9f86d58dbe830724a3a2bc8703512,task.semantic.000009,semantic_retrieval,q8_0,Q8_0
1.0,0.0,0.49981689453125,1.0,1,1,6cb70620c7811dce01e1a622fe0a4f9ac445e31c569640c36ecfac85c4609b6c,29047084256,artifacts/q8_0.gguf,1,1,q8_0:ctx032768:p050,task.semantic.000010:baseline:ctx032768:p050:seed1063,53bdec0fce2a85821460ca2120b3e304fbdfe68e33649df0344abf16fa41a653,1,1.0,0,1.0,1,1,exp_003,0,0.0,1,1,1.0,0,,31238062080.0,7.18583027401646,,97.61801941555201,336.10597916692495,336.52346745785326,336.10597916692495,1,Q8_0,0.0,0.5,0,1.0,1,0,calibrated.v1,1.0,32768,data/tasks/core.v002.jsonl,7631adc23aab29b0a1b06fae51267a940aa9f86d58dbe830724a3a2bc8703512,task.semantic.000010,semantic_retrieval,q8_0,Q8_0
